Release 13.4 Map O.87xd (lin64)
Xilinx Mapping Report File for Design 'cacheContorller'

Design Information
------------------
Command Line   : map -intstyle ise -p xc3s500e-fg320-5 -cm area -ir off -pr off
-c 100 -o cacheContorller_map.ncd cacheContorller.ngd cacheContorller.pcf 
Target Device  : xc3s500e
Target Package : fg320
Target Speed   : -5
Mapper Version : spartan3e -- $Revision: 1.55 $
Mapped Date    : Thu Oct 23 12:07:16 2025

Design Summary
--------------
Number of errors:      0
Number of warnings: 1146
Logic Utilization:
  Total Number Slice Registers:         508 out of   9,312    5%
    Number used as Flip Flops:          505
    Number used as Latches:               3
  Number of 4 input LUTs:             2,065 out of   9,312   22%
Logic Distribution:
  Number of occupied Slices:          4,428 out of   4,656   95%
    Number of Slices containing only related logic:   4,428 out of   4,428 100%
    Number of Slices containing unrelated logic:          0 out of   4,428   0%
      *See NOTES below for an explanation of the effects of unrelated logic.
  Total Number of 4 input LUTs:       6,247 out of   9,312   67%
    Number used as logic:               454
    Number used as a route-thru:      4,182
    Number used as 16x1 RAMs:             4
    Number used for 32x1 RAMs:        1,488
      (Two LUTs used per 32x1 RAM)
    Number used as Shift registers:     119

  The Slice Logic Distribution report is not meaningful if the design is
  over-mapped for a non-slice resource or if Placement fails.

  Number of bonded IOBs:                 93 out of     232   40%
    IOB Latches:                          1
  Number of RAMB16s:                      4 out of      20   20%
  Number of BUFGMUXs:                     2 out of      24    8%
  Number of BSCANs:                       1 out of       1  100%

  Number of RPM macros:           12
Average Fanout of Non-Clock Nets:                3.54

Peak Memory Usage:  843 MB
Total REAL time to MAP completion:  6 secs 
Total CPU time to MAP completion:   4 secs 

NOTES:

   Related logic is defined as being logic that shares connectivity - e.g. two
   LUTs are "related" if they share common inputs.  When assembling slices,
   Map gives priority to combine logic that is related.  Doing so results in
   the best timing performance.

   Unrelated logic shares no connectivity.  Map will only begin packing
   unrelated logic into a slice once 99% of the slices are occupied through
   related logic packing.

   Note that once logic distribution reaches the 99% level through related
   logic packing, this does not mean the device is completely utilized.
   Unrelated logic packing will then begin, continuing until all usable LUTs
   and FFs are occupied.  Depending on your timing budget, increased levels of
   unrelated logic packing may adversely affect the overall timing performance
   of your design.

Table of Contents
-----------------
Section 1 - Errors
Section 2 - Warnings
Section 3 - Informational
Section 4 - Removed Logic Summary
Section 5 - Removed Logic
Section 6 - IOB Properties
Section 7 - RPMs
Section 8 - Guide Report
Section 9 - Area Group and Partition Summary
Section 10 - Timing Report
Section 11 - Configuration String Information
Section 12 - Control Set Information
Section 13 - Utilization by Hierarchy

Section 1 - Errors
------------------

Section 2 - Warnings
--------------------
WARNING:Security:43 - No license file was found in the standard Xilinx license
directory.
WARNING:Security:44 - Since no license file was found,
WARNING:Security:42 - Your software subscription period has lapsed. Your current
version of Xilinx tools will continue to function, but you no longer qualify for
Xilinx software updates or new releases.
WARNING:PhysDesignRules:372 - Gated clock. Clock net call_Cpu_gen/updPat_or0000
   is sourced by a combinatorial pin. This is not good design practice. Use the
   CE pin to control the loading of data into the flip-flop.
WARNING:PhysDesignRules:372 - Gated clock. Clock net control0<13> is sourced by
   a combinatorial pin. This is not good design practice. Use the CE pin to
   control the loading of data into the flip-flop.
WARNING:PhysDesignRules:367 - The signal <call_SDRAM/inst_LPM_MUX_20_f55> is
   incomplete. The signal does not drive any load pins in the design.
WARNING:PhysDesignRules:367 - The signal <call_SDRAM/inst_LPM_MUX_20_f510> is
   incomplete. The signal does not drive any load pins in the design.
WARNING:PhysDesignRules:367 - The signal <call_SDRAM/inst_LPM_MUX_21_f56> is
   incomplete. The signal does not drive any load pins in the design.
WARNING:PhysDesignRules:367 - The signal <call_SDRAM/inst_LPM_MUX1_20_f55> is
   incomplete. The signal does not drive any load pins in the design.
WARNING:PhysDesignRules:367 - The signal <call_SDRAM/inst_LPM_MUX1_20_f510> is
   incomplete. The signal does not drive any load pins in the design.
WARNING:PhysDesignRules:367 - The signal <call_SDRAM/inst_LPM_MUX_22_f57> is
   incomplete. The signal does not drive any load pins in the design.
WARNING:PhysDesignRules:367 - The signal <call_SDRAM/inst_LPM_MUX1_21_f56> is
   incomplete. The signal does not drive any load pins in the design.
WARNING:PhysDesignRules:367 - The signal <call_SDRAM/inst_LPM_MUX1_22_f57> is
   incomplete. The signal does not drive any load pins in the design.
WARNING:PhysDesignRules:367 - The signal <call_SDRAM/inst_LPM_MUX_16_f51> is
   incomplete. The signal does not drive any load pins in the design.
WARNING:PhysDesignRules:367 - The signal <call_SDRAM/inst_LPM_MUX_16_f52> is
   incomplete. The signal does not drive any load pins in the design.
WARNING:PhysDesignRules:367 - The signal <call_SDRAM/inst_LPM_MUX_16_f53> is
   incomplete. The signal does not drive any load pins in the design.
WARNING:PhysDesignRules:367 - The signal <call_SDRAM/inst_LPM_MUX_16_f54> is
   incomplete. The signal does not drive any load pins in the design.
WARNING:PhysDesignRules:367 - The signal <call_SDRAM/inst_LPM_MUX_16_f55> is
   incomplete. The signal does not drive any load pins in the design.
WARNING:PhysDesignRules:367 - The signal <call_SDRAM/inst_LPM_MUX_16_f56> is
   incomplete. The signal does not drive any load pins in the design.
WARNING:PhysDesignRules:367 - The signal <call_SDRAM/inst_LPM_MUX_16_f57> is
   incomplete. The signal does not drive any load pins in the design.
WARNING:PhysDesignRules:367 - The signal <call_SDRAM/inst_LPM_MUX_17_f52> is
   incomplete. The signal does not drive any load pins in the design.
WARNING:PhysDesignRules:367 - The signal <call_SDRAM/inst_LPM_MUX_17_f54> is
   incomplete. The signal does not drive any load pins in the design.
WARNING:PhysDesignRules:367 - The signal <call_SDRAM/inst_LPM_MUX_17_f55> is
   incomplete. The signal does not drive any load pins in the design.
WARNING:PhysDesignRules:367 - The signal <call_SDRAM/inst_LPM_MUX_17_f57> is
   incomplete. The signal does not drive any load pins in the design.
WARNING:PhysDesignRules:367 - The signal <call_SDRAM/inst_LPM_MUX_17_f58> is
   incomplete. The signal does not drive any load pins in the design.
WARNING:PhysDesignRules:367 - The signal <call_SDRAM/inst_LPM_MUX_17_f59> is
   incomplete. The signal does not drive any load pins in the design.
WARNING:PhysDesignRules:367 - The signal <call_SDRAM/inst_LPM_MUX1_16_f51> is
   incomplete. The signal does not drive any load pins in the design.
WARNING:PhysDesignRules:367 - The signal <call_SDRAM/inst_LPM_MUX1_16_f52> is
   incomplete. The signal does not drive any load pins in the design.
WARNING:PhysDesignRules:367 - The signal <call_SDRAM/inst_LPM_MUX1_16_f53> is
   incomplete. The signal does not drive any load pins in the design.
WARNING:PhysDesignRules:367 - The signal <call_SDRAM/inst_LPM_MUX1_16_f54> is
   incomplete. The signal does not drive any load pins in the design.
WARNING:PhysDesignRules:367 - The signal <call_SDRAM/inst_LPM_MUX1_16_f55> is
   incomplete. The signal does not drive any load pins in the design.
WARNING:PhysDesignRules:367 - The signal <call_SDRAM/inst_LPM_MUX1_16_f56> is
   incomplete. The signal does not drive any load pins in the design.
WARNING:PhysDesignRules:367 - The signal <call_SDRAM/inst_LPM_MUX1_16_f57> is
   incomplete. The signal does not drive any load pins in the design.
WARNING:PhysDesignRules:367 - The signal <call_SDRAM/inst_LPM_MUX_18_f53> is
   incomplete. The signal does not drive any load pins in the design.
WARNING:PhysDesignRules:367 - The signal <call_SDRAM/inst_LPM_MUX_18_f56> is
   incomplete. The signal does not drive any load pins in the design.
WARNING:PhysDesignRules:367 - The signal <call_SDRAM/inst_LPM_MUX_18_f58> is
   incomplete. The signal does not drive any load pins in the design.
WARNING:PhysDesignRules:367 - The signal <call_SDRAM/inst_LPM_MUX_18_f59> is
   incomplete. The signal does not drive any load pins in the design.
WARNING:PhysDesignRules:367 - The signal <call_SDRAM/inst_LPM_MUX1_17_f52> is
   incomplete. The signal does not drive any load pins in the design.
WARNING:PhysDesignRules:367 - The signal <call_SDRAM/inst_LPM_MUX1_17_f54> is
   incomplete. The signal does not drive any load pins in the design.
WARNING:PhysDesignRules:367 - The signal <call_SDRAM/inst_LPM_MUX1_17_f55> is
   incomplete. The signal does not drive any load pins in the design.
WARNING:PhysDesignRules:367 - The signal <call_SDRAM/inst_LPM_MUX1_17_f57> is
   incomplete. The signal does not drive any load pins in the design.
WARNING:PhysDesignRules:367 - The signal <call_SDRAM/inst_LPM_MUX1_17_f58> is
   incomplete. The signal does not drive any load pins in the design.
WARNING:PhysDesignRules:367 - The signal <call_SDRAM/inst_LPM_MUX1_17_f59> is
   incomplete. The signal does not drive any load pins in the design.
WARNING:PhysDesignRules:367 - The signal <call_SDRAM/inst_LPM_MUX_19_f54> is
   incomplete. The signal does not drive any load pins in the design.
WARNING:PhysDesignRules:367 - The signal <call_SDRAM/inst_LPM_MUX_19_f58> is
   incomplete. The signal does not drive any load pins in the design.
WARNING:PhysDesignRules:367 - The signal <call_SDRAM/inst_LPM_MUX1_18_f53> is
   incomplete. The signal does not drive any load pins in the design.
WARNING:PhysDesignRules:367 - The signal <call_SDRAM/inst_LPM_MUX1_18_f56> is
   incomplete. The signal does not drive any load pins in the design.
WARNING:PhysDesignRules:367 - The signal <call_SDRAM/inst_LPM_MUX1_18_f58> is
   incomplete. The signal does not drive any load pins in the design.
WARNING:PhysDesignRules:367 - The signal <call_SDRAM/inst_LPM_MUX1_18_f59> is
   incomplete. The signal does not drive any load pins in the design.
WARNING:PhysDesignRules:367 - The signal <call_SDRAM/inst_LPM_MUX1_20_f514> is
   incomplete. The signal does not drive any load pins in the design.
WARNING:PhysDesignRules:367 - The signal <call_SDRAM/inst_LPM_MUX1_20_f532> is
   incomplete. The signal does not drive any load pins in the design.
WARNING:PhysDesignRules:367 - The signal <call_SDRAM/inst_LPM_MUX1_20_f525> is
   incomplete. The signal does not drive any load pins in the design.
WARNING:PhysDesignRules:367 - The signal <call_SDRAM/inst_LPM_MUX1_20_f517> is
   incomplete. The signal does not drive any load pins in the design.
WARNING:PhysDesignRules:367 - The signal <call_SDRAM/inst_LPM_MUX1_20_f542> is
   incomplete. The signal does not drive any load pins in the design.
WARNING:PhysDesignRules:367 - The signal <call_SDRAM/inst_LPM_MUX1_20_f534> is
   incomplete. The signal does not drive any load pins in the design.
WARNING:PhysDesignRules:367 - The signal <call_SDRAM/inst_LPM_MUX1_20_f551> is
   incomplete. The signal does not drive any load pins in the design.
WARNING:PhysDesignRules:367 - The signal <call_SDRAM/inst_LPM_MUX1_20_f535> is
   incomplete. The signal does not drive any load pins in the design.
WARNING:PhysDesignRules:367 - The signal <call_SDRAM/inst_LPM_MUX1_20_f519> is
   incomplete. The signal does not drive any load pins in the design.
WARNING:PhysDesignRules:367 - The signal <call_SDRAM/inst_LPM_MUX1_20_f544> is
   incomplete. The signal does not drive any load pins in the design.
WARNING:PhysDesignRules:367 - The signal <call_SDRAM/inst_LPM_MUX1_20_f520> is
   incomplete. The signal does not drive any load pins in the design.
WARNING:PhysDesignRules:367 - The signal <call_SDRAM/inst_LPM_MUX1_20_f553> is
   incomplete. The signal does not drive any load pins in the design.
WARNING:PhysDesignRules:367 - The signal <call_SDRAM/inst_LPM_MUX1_20_f545> is
   incomplete. The signal does not drive any load pins in the design.
WARNING:PhysDesignRules:367 - The signal <call_SDRAM/inst_LPM_MUX1_20_f529> is
   incomplete. The signal does not drive any load pins in the design.
WARNING:PhysDesignRules:367 - The signal <call_SDRAM/inst_LPM_MUX1_19_f54> is
   incomplete. The signal does not drive any load pins in the design.
WARNING:PhysDesignRules:367 - The signal <call_SDRAM/inst_LPM_MUX1_20_f554> is
   incomplete. The signal does not drive any load pins in the design.
WARNING:PhysDesignRules:367 - The signal <call_SDRAM/inst_LPM_MUX1_20_f555> is
   incomplete. The signal does not drive any load pins in the design.
WARNING:PhysDesignRules:367 - The signal <call_SDRAM/inst_LPM_MUX1_20_f539> is
   incomplete. The signal does not drive any load pins in the design.
WARNING:PhysDesignRules:367 - The signal <call_SDRAM/inst_LPM_MUX1_20_f548> is
   incomplete. The signal does not drive any load pins in the design.
WARNING:PhysDesignRules:367 - The signal <call_SDRAM/inst_LPM_MUX1_19_f58> is
   incomplete. The signal does not drive any load pins in the design.
WARNING:PhysDesignRules:367 - The signal <call_SDRAM/inst_LPM_MUX1_20_f550> is
   incomplete. The signal does not drive any load pins in the design.
WARNING:PhysDesignRules:367 - The signal <call_SDRAM/inst_LPM_MUX2_20_f55> is
   incomplete. The signal does not drive any load pins in the design.
WARNING:PhysDesignRules:367 - The signal <call_SDRAM/inst_LPM_MUX2_20_f510> is
   incomplete. The signal does not drive any load pins in the design.
WARNING:PhysDesignRules:367 - The signal <call_SDRAM/inst_LPM_MUX1_21_f512> is
   incomplete. The signal does not drive any load pins in the design.
WARNING:PhysDesignRules:367 - The signal <call_SDRAM/inst_LPM_MUX1_21_f521> is
   incomplete. The signal does not drive any load pins in the design.
WARNING:PhysDesignRules:367 - The signal <call_SDRAM/inst_LPM_MUX1_21_f524> is
   incomplete. The signal does not drive any load pins in the design.
WARNING:PhysDesignRules:367 - The signal <call_SDRAM/inst_LPM_MUX1_21_f517> is
   incomplete. The signal does not drive any load pins in the design.
WARNING:PhysDesignRules:367 - The signal <call_SDRAM/inst_LPM_MUX1_21_f526> is
   incomplete. The signal does not drive any load pins in the design.
WARNING:PhysDesignRules:367 - The signal <call_SDRAM/inst_LPM_MUX1_21_f527> is
   incomplete. The signal does not drive any load pins in the design.
WARNING:PhysDesignRules:367 - The signal <call_SDRAM/inst_LPM_MUX2_21_f56> is
   incomplete. The signal does not drive any load pins in the design.
WARNING:PhysDesignRules:367 - The signal <call_SDRAM/inst_LPM_MUX2_22_f57> is
   incomplete. The signal does not drive any load pins in the design.
WARNING:PhysDesignRules:367 - The signal <call_SDRAM/inst_LPM_MUX2_16_f51> is
   incomplete. The signal does not drive any load pins in the design.
WARNING:PhysDesignRules:367 - The signal <call_SDRAM/inst_LPM_MUX2_16_f52> is
   incomplete. The signal does not drive any load pins in the design.
WARNING:PhysDesignRules:367 - The signal <call_SDRAM/inst_LPM_MUX2_16_f53> is
   incomplete. The signal does not drive any load pins in the design.
WARNING:PhysDesignRules:367 - The signal <call_SDRAM/inst_LPM_MUX2_16_f54> is
   incomplete. The signal does not drive any load pins in the design.
WARNING:PhysDesignRules:367 - The signal <call_SDRAM/inst_LPM_MUX2_16_f55> is
   incomplete. The signal does not drive any load pins in the design.
WARNING:PhysDesignRules:367 - The signal <call_SDRAM/inst_LPM_MUX2_16_f56> is
   incomplete. The signal does not drive any load pins in the design.
WARNING:PhysDesignRules:367 - The signal <call_SDRAM/inst_LPM_MUX2_16_f57> is
   incomplete. The signal does not drive any load pins in the design.
WARNING:PhysDesignRules:367 - The signal <call_SDRAM/inst_LPM_MUX2_17_f52> is
   incomplete. The signal does not drive any load pins in the design.
WARNING:PhysDesignRules:367 - The signal <call_SDRAM/inst_LPM_MUX2_17_f54> is
   incomplete. The signal does not drive any load pins in the design.
WARNING:PhysDesignRules:367 - The signal <call_SDRAM/inst_LPM_MUX2_17_f55> is
   incomplete. The signal does not drive any load pins in the design.
WARNING:PhysDesignRules:367 - The signal <call_SDRAM/inst_LPM_MUX2_17_f57> is
   incomplete. The signal does not drive any load pins in the design.
WARNING:PhysDesignRules:367 - The signal <call_SDRAM/inst_LPM_MUX2_17_f58> is
   incomplete. The signal does not drive any load pins in the design.
WARNING:PhysDesignRules:367 - The signal <call_SDRAM/inst_LPM_MUX2_17_f59> is
   incomplete. The signal does not drive any load pins in the design.
WARNING:PhysDesignRules:367 - The signal <call_SDRAM/inst_LPM_MUX2_18_f53> is
   incomplete. The signal does not drive any load pins in the design.
WARNING:PhysDesignRules:367 - The signal <call_SDRAM/inst_LPM_MUX2_18_f56> is
   incomplete. The signal does not drive any load pins in the design.
WARNING:PhysDesignRules:367 - The signal <call_SDRAM/inst_LPM_MUX2_18_f58> is
   incomplete. The signal does not drive any load pins in the design.
WARNING:PhysDesignRules:367 - The signal <call_SDRAM/inst_LPM_MUX2_18_f59> is
   incomplete. The signal does not drive any load pins in the design.
WARNING:PhysDesignRules:367 - The signal <call_SDRAM/inst_LPM_MUX2_19_f54> is
   incomplete. The signal does not drive any load pins in the design.
WARNING:PhysDesignRules:367 - The signal <call_SDRAM/inst_LPM_MUX2_19_f58> is
   incomplete. The signal does not drive any load pins in the design.
WARNING:PhysDesignRules:367 - The signal <call_SDRAM/inst_LPM_MUX3_20_f55> is
   incomplete. The signal does not drive any load pins in the design.
WARNING:PhysDesignRules:367 - The signal <call_SDRAM/inst_LPM_MUX3_20_f510> is
   incomplete. The signal does not drive any load pins in the design.
WARNING:PhysDesignRules:367 - The signal <call_SDRAM/inst_LPM_MUX1_17_f511> is
   incomplete. The signal does not drive any load pins in the design.
WARNING:PhysDesignRules:367 - The signal <call_SDRAM/inst_LPM_MUX1_17_f512> is
   incomplete. The signal does not drive any load pins in the design.
WARNING:PhysDesignRules:367 - The signal <call_SDRAM/inst_LPM_MUX1_17_f513> is
   incomplete. The signal does not drive any load pins in the design.
WARNING:PhysDesignRules:367 - The signal <call_SDRAM/inst_LPM_MUX1_17_f522> is
   incomplete. The signal does not drive any load pins in the design.
WARNING:PhysDesignRules:367 - The signal <call_SDRAM/inst_LPM_MUX1_17_f514> is
   incomplete. The signal does not drive any load pins in the design.
WARNING:PhysDesignRules:367 - The signal <call_SDRAM/inst_LPM_MUX1_17_f523> is
   incomplete. The signal does not drive any load pins in the design.
WARNING:PhysDesignRules:367 - The signal <call_SDRAM/inst_LPM_MUX1_17_f524> is
   incomplete. The signal does not drive any load pins in the design.
WARNING:PhysDesignRules:367 - The signal <call_SDRAM/inst_LPM_MUX1_17_f516> is
   incomplete. The signal does not drive any load pins in the design.
WARNING:PhysDesignRules:367 - The signal <call_SDRAM/inst_LPM_MUX1_17_f525> is
   incomplete. The signal does not drive any load pins in the design.
WARNING:PhysDesignRules:367 - The signal <call_SDRAM/inst_LPM_MUX1_17_f517> is
   incomplete. The signal does not drive any load pins in the design.
WARNING:PhysDesignRules:367 - The signal <call_SDRAM/inst_LPM_MUX1_17_f526> is
   incomplete. The signal does not drive any load pins in the design.
WARNING:PhysDesignRules:367 - The signal <call_SDRAM/inst_LPM_MUX1_17_f518> is
   incomplete. The signal does not drive any load pins in the design.
WARNING:PhysDesignRules:367 - The signal <call_SDRAM/inst_LPM_MUX1_17_f527> is
   incomplete. The signal does not drive any load pins in the design.
WARNING:PhysDesignRules:367 - The signal <call_SDRAM/inst_LPM_MUX1_17_f519> is
   incomplete. The signal does not drive any load pins in the design.
WARNING:PhysDesignRules:367 - The signal <call_SDRAM/inst_LPM_MUX1_17_f520> is
   incomplete. The signal does not drive any load pins in the design.
WARNING:PhysDesignRules:367 - The signal <call_SDRAM/inst_LPM_MUX3_21_f56> is
   incomplete. The signal does not drive any load pins in the design.
WARNING:PhysDesignRules:367 - The signal <call_SDRAM/inst_LPM_MUX3_22_f57> is
   incomplete. The signal does not drive any load pins in the design.
WARNING:PhysDesignRules:367 - The signal <call_SDRAM/inst_LPM_MUX1_18_f512> is
   incomplete. The signal does not drive any load pins in the design.
WARNING:PhysDesignRules:367 - The signal <call_SDRAM/inst_LPM_MUX1_18_f522> is
   incomplete. The signal does not drive any load pins in the design.
WARNING:PhysDesignRules:367 - The signal <call_SDRAM/inst_LPM_MUX1_18_f514> is
   incomplete. The signal does not drive any load pins in the design.
WARNING:PhysDesignRules:367 - The signal <call_SDRAM/inst_LPM_MUX1_18_f531> is
   incomplete. The signal does not drive any load pins in the design.
WARNING:PhysDesignRules:367 - The signal <call_SDRAM/inst_LPM_MUX1_18_f515> is
   incomplete. The signal does not drive any load pins in the design.
WARNING:PhysDesignRules:367 - The signal <call_SDRAM/inst_LPM_MUX1_18_f532> is
   incomplete. The signal does not drive any load pins in the design.
WARNING:PhysDesignRules:367 - The signal <call_SDRAM/inst_LPM_MUX1_18_f524> is
   incomplete. The signal does not drive any load pins in the design.
WARNING:PhysDesignRules:367 - The signal <call_SDRAM/inst_LPM_MUX1_18_f533> is
   incomplete. The signal does not drive any load pins in the design.
WARNING:PhysDesignRules:367 - The signal <call_SDRAM/inst_LPM_MUX1_18_f525> is
   incomplete. The signal does not drive any load pins in the design.
WARNING:PhysDesignRules:367 - The signal <call_SDRAM/inst_LPM_MUX1_18_f517> is
   incomplete. The signal does not drive any load pins in the design.
WARNING:PhysDesignRules:367 - The signal <call_SDRAM/inst_LPM_MUX1_18_f542> is
   incomplete. The signal does not drive any load pins in the design.
WARNING:PhysDesignRules:367 - The signal <call_SDRAM/inst_LPM_MUX1_18_f534> is
   incomplete. The signal does not drive any load pins in the design.
WARNING:PhysDesignRules:367 - The signal <call_SDRAM/inst_LPM_MUX1_18_f518> is
   incomplete. The signal does not drive any load pins in the design.
WARNING:PhysDesignRules:367 - The signal <call_SDRAM/inst_LPM_MUX1_18_f551> is
   incomplete. The signal does not drive any load pins in the design.
WARNING:PhysDesignRules:367 - The signal <call_SDRAM/inst_LPM_MUX1_18_f543> is
   incomplete. The signal does not drive any load pins in the design.
WARNING:PhysDesignRules:367 - The signal <call_SDRAM/inst_LPM_MUX1_18_f527> is
   incomplete. The signal does not drive any load pins in the design.
WARNING:PhysDesignRules:367 - The signal <call_SDRAM/inst_LPM_MUX1_18_f519> is
   incomplete. The signal does not drive any load pins in the design.
WARNING:PhysDesignRules:367 - The signal <call_SDRAM/inst_LPM_MUX1_18_f552> is
   incomplete. The signal does not drive any load pins in the design.
WARNING:PhysDesignRules:367 - The signal <call_SDRAM/inst_LPM_MUX1_18_f544> is
   incomplete. The signal does not drive any load pins in the design.
WARNING:PhysDesignRules:367 - The signal <call_SDRAM/inst_LPM_MUX1_18_f528> is
   incomplete. The signal does not drive any load pins in the design.
WARNING:PhysDesignRules:367 - The signal <call_SDRAM/inst_LPM_MUX1_18_f553> is
   incomplete. The signal does not drive any load pins in the design.
WARNING:PhysDesignRules:367 - The signal <call_SDRAM/inst_LPM_MUX1_18_f537> is
   incomplete. The signal does not drive any load pins in the design.
WARNING:PhysDesignRules:367 - The signal <call_SDRAM/inst_LPM_MUX1_18_f529> is
   incomplete. The signal does not drive any load pins in the design.
WARNING:PhysDesignRules:367 - The signal <call_SDRAM/inst_LPM_MUX1_18_f554> is
   incomplete. The signal does not drive any load pins in the design.
WARNING:PhysDesignRules:367 - The signal <call_SDRAM/inst_LPM_MUX1_18_f546> is
   incomplete. The signal does not drive any load pins in the design.
WARNING:PhysDesignRules:367 - The signal <call_SDRAM/inst_LPM_MUX1_18_f555> is
   incomplete. The signal does not drive any load pins in the design.
WARNING:PhysDesignRules:367 - The signal <call_SDRAM/inst_LPM_MUX1_18_f547> is
   incomplete. The signal does not drive any load pins in the design.
WARNING:PhysDesignRules:367 - The signal <call_SDRAM/inst_LPM_MUX1_18_f539> is
   incomplete. The signal does not drive any load pins in the design.
WARNING:PhysDesignRules:367 - The signal <call_SDRAM/inst_LPM_MUX1_18_f548> is
   incomplete. The signal does not drive any load pins in the design.
WARNING:PhysDesignRules:367 - The signal <call_SDRAM/inst_LPM_MUX1_18_f540> is
   incomplete. The signal does not drive any load pins in the design.
WARNING:PhysDesignRules:367 - The signal <call_SDRAM/inst_LPM_MUX1_18_f549> is
   incomplete. The signal does not drive any load pins in the design.
WARNING:PhysDesignRules:367 - The signal <call_SDRAM/inst_LPM_MUX3_16_f51> is
   incomplete. The signal does not drive any load pins in the design.
WARNING:PhysDesignRules:367 - The signal <call_SDRAM/inst_LPM_MUX3_16_f52> is
   incomplete. The signal does not drive any load pins in the design.
WARNING:PhysDesignRules:367 - The signal <call_SDRAM/inst_LPM_MUX3_16_f53> is
   incomplete. The signal does not drive any load pins in the design.
WARNING:PhysDesignRules:367 - The signal <call_SDRAM/inst_LPM_MUX3_16_f54> is
   incomplete. The signal does not drive any load pins in the design.
WARNING:PhysDesignRules:367 - The signal <call_SDRAM/inst_LPM_MUX3_16_f55> is
   incomplete. The signal does not drive any load pins in the design.
WARNING:PhysDesignRules:367 - The signal <call_SDRAM/inst_LPM_MUX3_16_f56> is
   incomplete. The signal does not drive any load pins in the design.
WARNING:PhysDesignRules:367 - The signal <call_SDRAM/inst_LPM_MUX3_16_f57> is
   incomplete. The signal does not drive any load pins in the design.
WARNING:PhysDesignRules:367 - The signal <call_SDRAM/inst_LPM_MUX1_19_f511> is
   incomplete. The signal does not drive any load pins in the design.
WARNING:PhysDesignRules:367 - The signal <call_SDRAM/inst_LPM_MUX1_19_f521> is
   incomplete. The signal does not drive any load pins in the design.
WARNING:PhysDesignRules:367 - The signal <call_SDRAM/inst_LPM_MUX1_19_f513> is
   incomplete. The signal does not drive any load pins in the design.
WARNING:PhysDesignRules:367 - The signal <call_SDRAM/inst_LPM_MUX1_19_f514> is
   incomplete. The signal does not drive any load pins in the design.
WARNING:PhysDesignRules:367 - The signal <call_SDRAM/inst_LPM_MUX1_19_f523> is
   incomplete. The signal does not drive any load pins in the design.
WARNING:PhysDesignRules:367 - The signal <call_SDRAM/inst_LPM_MUX1_19_f532> is
   incomplete. The signal does not drive any load pins in the design.
WARNING:PhysDesignRules:367 - The signal <call_SDRAM/inst_LPM_MUX1_19_f524> is
   incomplete. The signal does not drive any load pins in the design.
WARNING:PhysDesignRules:367 - The signal <call_SDRAM/inst_LPM_MUX1_19_f541> is
   incomplete. The signal does not drive any load pins in the design.
WARNING:PhysDesignRules:367 - The signal <call_SDRAM/inst_LPM_MUX1_19_f533> is
   incomplete. The signal does not drive any load pins in the design.
WARNING:PhysDesignRules:367 - The signal <call_SDRAM/inst_LPM_MUX1_19_f534> is
   incomplete. The signal does not drive any load pins in the design.
WARNING:PhysDesignRules:367 - The signal <call_SDRAM/inst_LPM_MUX1_19_f518> is
   incomplete. The signal does not drive any load pins in the design.
WARNING:PhysDesignRules:367 - The signal <call_SDRAM/inst_LPM_MUX1_19_f543> is
   incomplete. The signal does not drive any load pins in the design.
WARNING:PhysDesignRules:367 - The signal <call_SDRAM/inst_LPM_MUX1_19_f527> is
   incomplete. The signal does not drive any load pins in the design.
WARNING:PhysDesignRules:367 - The signal <call_SDRAM/inst_LPM_MUX3_17_f52> is
   incomplete. The signal does not drive any load pins in the design.
WARNING:PhysDesignRules:367 - The signal <call_SDRAM/inst_LPM_MUX1_19_f552> is
   incomplete. The signal does not drive any load pins in the design.
WARNING:PhysDesignRules:367 - The signal <call_SDRAM/inst_LPM_MUX1_19_f544> is
   incomplete. The signal does not drive any load pins in the design.
WARNING:PhysDesignRules:367 - The signal <call_SDRAM/inst_LPM_MUX1_19_f553> is
   incomplete. The signal does not drive any load pins in the design.
WARNING:PhysDesignRules:367 - The signal <call_SDRAM/inst_LPM_MUX1_19_f529> is
   incomplete. The signal does not drive any load pins in the design.
WARNING:PhysDesignRules:367 - The signal <call_SDRAM/inst_LPM_MUX3_17_f54> is
   incomplete. The signal does not drive any load pins in the design.
WARNING:PhysDesignRules:367 - The signal <call_SDRAM/inst_LPM_MUX1_19_f562> is
   incomplete. The signal does not drive any load pins in the design.
WARNING:PhysDesignRules:367 - The signal <call_SDRAM/inst_LPM_MUX1_19_f554> is
   incomplete. The signal does not drive any load pins in the design.
WARNING:PhysDesignRules:367 - The signal <call_SDRAM/inst_LPM_MUX1_19_f538> is
   incomplete. The signal does not drive any load pins in the design.
WARNING:PhysDesignRules:367 - The signal <call_SDRAM/inst_LPM_MUX1_19_f530> is
   incomplete. The signal does not drive any load pins in the design.
WARNING:PhysDesignRules:367 - The signal <call_SDRAM/inst_LPM_MUX3_17_f55> is
   incomplete. The signal does not drive any load pins in the design.
WARNING:PhysDesignRules:367 - The signal <call_SDRAM/inst_LPM_MUX1_19_f563> is
   incomplete. The signal does not drive any load pins in the design.
WARNING:PhysDesignRules:367 - The signal <call_SDRAM/inst_LPM_MUX1_19_f547> is
   incomplete. The signal does not drive any load pins in the design.
WARNING:PhysDesignRules:367 - The signal <call_SDRAM/inst_LPM_MUX1_19_f564> is
   incomplete. The signal does not drive any load pins in the design.
WARNING:PhysDesignRules:367 - The signal <call_SDRAM/inst_LPM_MUX3_17_f57> is
   incomplete. The signal does not drive any load pins in the design.
WARNING:PhysDesignRules:367 - The signal <call_SDRAM/inst_LPM_MUX1_19_f557> is
   incomplete. The signal does not drive any load pins in the design.
WARNING:PhysDesignRules:367 - The signal <call_SDRAM/inst_LPM_MUX1_19_f549> is
   incomplete. The signal does not drive any load pins in the design.
WARNING:PhysDesignRules:367 - The signal <call_SDRAM/inst_LPM_MUX3_17_f58> is
   incomplete. The signal does not drive any load pins in the design.
WARNING:PhysDesignRules:367 - The signal <call_SDRAM/inst_LPM_MUX1_19_f566> is
   incomplete. The signal does not drive any load pins in the design.
WARNING:PhysDesignRules:367 - The signal <call_SDRAM/inst_LPM_MUX1_19_f550> is
   incomplete. The signal does not drive any load pins in the design.
WARNING:PhysDesignRules:367 - The signal <call_SDRAM/inst_LPM_MUX3_17_f59> is
   incomplete. The signal does not drive any load pins in the design.
WARNING:PhysDesignRules:367 - The signal <call_SDRAM/inst_LPM_MUX1_19_f567> is
   incomplete. The signal does not drive any load pins in the design.
WARNING:PhysDesignRules:367 - The signal <call_SDRAM/inst_LPM_MUX1_19_f559> is
   incomplete. The signal does not drive any load pins in the design.
WARNING:PhysDesignRules:367 - The signal <call_SDRAM/inst_LPM_MUX1_19_f568> is
   incomplete. The signal does not drive any load pins in the design.
WARNING:PhysDesignRules:367 - The signal <call_SDRAM/inst_LPM_MUX1_19_f560> is
   incomplete. The signal does not drive any load pins in the design.
WARNING:PhysDesignRules:367 - The signal <call_SDRAM/inst_LPM_MUX1_19_f569> is
   incomplete. The signal does not drive any load pins in the design.
WARNING:PhysDesignRules:367 - The signal <call_SDRAM/inst_LPM_MUX3_18_f53> is
   incomplete. The signal does not drive any load pins in the design.
WARNING:PhysDesignRules:367 - The signal <call_SDRAM/inst_LPM_MUX3_18_f56> is
   incomplete. The signal does not drive any load pins in the design.
WARNING:PhysDesignRules:367 - The signal <call_SDRAM/inst_LPM_MUX3_18_f58> is
   incomplete. The signal does not drive any load pins in the design.
WARNING:PhysDesignRules:367 - The signal <call_SDRAM/inst_LPM_MUX3_18_f59> is
   incomplete. The signal does not drive any load pins in the design.
WARNING:PhysDesignRules:367 - The signal <call_SDRAM/inst_LPM_MUX2_20_f514> is
   incomplete. The signal does not drive any load pins in the design.
WARNING:PhysDesignRules:367 - The signal <call_SDRAM/inst_LPM_MUX2_20_f532> is
   incomplete. The signal does not drive any load pins in the design.
WARNING:PhysDesignRules:367 - The signal <call_SDRAM/inst_LPM_MUX2_20_f525> is
   incomplete. The signal does not drive any load pins in the design.
WARNING:PhysDesignRules:367 - The signal <call_SDRAM/inst_LPM_MUX2_20_f517> is
   incomplete. The signal does not drive any load pins in the design.
WARNING:PhysDesignRules:367 - The signal <call_SDRAM/inst_LPM_MUX2_20_f542> is
   incomplete. The signal does not drive any load pins in the design.
WARNING:PhysDesignRules:367 - The signal <call_SDRAM/inst_LPM_MUX2_20_f534> is
   incomplete. The signal does not drive any load pins in the design.
WARNING:PhysDesignRules:367 - The signal <call_SDRAM/inst_LPM_MUX2_20_f551> is
   incomplete. The signal does not drive any load pins in the design.
WARNING:PhysDesignRules:367 - The signal <call_SDRAM/inst_LPM_MUX2_20_f535> is
   incomplete. The signal does not drive any load pins in the design.
WARNING:PhysDesignRules:367 - The signal <call_SDRAM/inst_LPM_MUX2_20_f519> is
   incomplete. The signal does not drive any load pins in the design.
WARNING:PhysDesignRules:367 - The signal <call_SDRAM/inst_LPM_MUX2_20_f544> is
   incomplete. The signal does not drive any load pins in the design.
WARNING:PhysDesignRules:367 - The signal <call_SDRAM/inst_LPM_MUX2_20_f520> is
   incomplete. The signal does not drive any load pins in the design.
WARNING:PhysDesignRules:367 - The signal <call_SDRAM/inst_LPM_MUX2_20_f553> is
   incomplete. The signal does not drive any load pins in the design.
WARNING:PhysDesignRules:367 - The signal <call_SDRAM/inst_LPM_MUX2_20_f545> is
   incomplete. The signal does not drive any load pins in the design.
WARNING:PhysDesignRules:367 - The signal <call_SDRAM/inst_LPM_MUX2_20_f529> is
   incomplete. The signal does not drive any load pins in the design.
WARNING:PhysDesignRules:367 - The signal <call_SDRAM/inst_LPM_MUX3_19_f54> is
   incomplete. The signal does not drive any load pins in the design.
WARNING:PhysDesignRules:367 - The signal <call_SDRAM/inst_LPM_MUX2_20_f554> is
   incomplete. The signal does not drive any load pins in the design.
WARNING:PhysDesignRules:367 - The signal <call_SDRAM/inst_LPM_MUX2_20_f555> is
   incomplete. The signal does not drive any load pins in the design.
WARNING:PhysDesignRules:367 - The signal <call_SDRAM/inst_LPM_MUX2_20_f539> is
   incomplete. The signal does not drive any load pins in the design.
WARNING:PhysDesignRules:367 - The signal <call_SDRAM/inst_LPM_MUX2_20_f548> is
   incomplete. The signal does not drive any load pins in the design.
WARNING:PhysDesignRules:367 - The signal <call_SDRAM/inst_LPM_MUX3_19_f58> is
   incomplete. The signal does not drive any load pins in the design.
WARNING:PhysDesignRules:367 - The signal <call_SDRAM/inst_LPM_MUX2_20_f550> is
   incomplete. The signal does not drive any load pins in the design.
WARNING:PhysDesignRules:367 - The signal <call_SDRAM/inst_LPM_MUX4_20_f55> is
   incomplete. The signal does not drive any load pins in the design.
WARNING:PhysDesignRules:367 - The signal <call_SDRAM/inst_LPM_MUX4_20_f510> is
   incomplete. The signal does not drive any load pins in the design.
WARNING:PhysDesignRules:367 - The signal <call_SDRAM/inst_LPM_MUX2_21_f512> is
   incomplete. The signal does not drive any load pins in the design.
WARNING:PhysDesignRules:367 - The signal <call_SDRAM/inst_LPM_MUX2_21_f521> is
   incomplete. The signal does not drive any load pins in the design.
WARNING:PhysDesignRules:367 - The signal <call_SDRAM/inst_LPM_MUX2_21_f524> is
   incomplete. The signal does not drive any load pins in the design.
WARNING:PhysDesignRules:367 - The signal <call_SDRAM/inst_LPM_MUX2_21_f517> is
   incomplete. The signal does not drive any load pins in the design.
WARNING:PhysDesignRules:367 - The signal <call_SDRAM/inst_LPM_MUX2_21_f526> is
   incomplete. The signal does not drive any load pins in the design.
WARNING:PhysDesignRules:367 - The signal <call_SDRAM/inst_LPM_MUX2_21_f527> is
   incomplete. The signal does not drive any load pins in the design.
WARNING:PhysDesignRules:367 - The signal <call_SDRAM/inst_LPM_MUX4_21_f56> is
   incomplete. The signal does not drive any load pins in the design.
WARNING:PhysDesignRules:367 - The signal <call_SDRAM/inst_LPM_MUX4_22_f57> is
   incomplete. The signal does not drive any load pins in the design.
WARNING:PhysDesignRules:367 - The signal <call_SDRAM/inst_LPM_MUX4_16_f51> is
   incomplete. The signal does not drive any load pins in the design.
WARNING:PhysDesignRules:367 - The signal <call_SDRAM/inst_LPM_MUX4_16_f52> is
   incomplete. The signal does not drive any load pins in the design.
WARNING:PhysDesignRules:367 - The signal <call_SDRAM/inst_LPM_MUX4_16_f53> is
   incomplete. The signal does not drive any load pins in the design.
WARNING:PhysDesignRules:367 - The signal <call_SDRAM/inst_LPM_MUX4_16_f54> is
   incomplete. The signal does not drive any load pins in the design.
WARNING:PhysDesignRules:367 - The signal <call_SDRAM/inst_LPM_MUX4_16_f55> is
   incomplete. The signal does not drive any load pins in the design.
WARNING:PhysDesignRules:367 - The signal <call_SDRAM/inst_LPM_MUX4_16_f56> is
   incomplete. The signal does not drive any load pins in the design.
WARNING:PhysDesignRules:367 - The signal <call_SDRAM/inst_LPM_MUX4_16_f57> is
   incomplete. The signal does not drive any load pins in the design.
WARNING:PhysDesignRules:367 - The signal <call_SDRAM/inst_LPM_MUX4_17_f52> is
   incomplete. The signal does not drive any load pins in the design.
WARNING:PhysDesignRules:367 - The signal <call_SDRAM/inst_LPM_MUX4_17_f54> is
   incomplete. The signal does not drive any load pins in the design.
WARNING:PhysDesignRules:367 - The signal <call_SDRAM/inst_LPM_MUX4_17_f55> is
   incomplete. The signal does not drive any load pins in the design.
WARNING:PhysDesignRules:367 - The signal <call_SDRAM/inst_LPM_MUX4_17_f57> is
   incomplete. The signal does not drive any load pins in the design.
WARNING:PhysDesignRules:367 - The signal <call_SDRAM/inst_LPM_MUX4_17_f58> is
   incomplete. The signal does not drive any load pins in the design.
WARNING:PhysDesignRules:367 - The signal <call_SDRAM/inst_LPM_MUX4_17_f59> is
   incomplete. The signal does not drive any load pins in the design.
WARNING:PhysDesignRules:367 - The signal <call_SDRAM/inst_LPM_MUX4_18_f53> is
   incomplete. The signal does not drive any load pins in the design.
WARNING:PhysDesignRules:367 - The signal <call_SDRAM/inst_LPM_MUX4_18_f56> is
   incomplete. The signal does not drive any load pins in the design.
WARNING:PhysDesignRules:367 - The signal <call_SDRAM/inst_LPM_MUX4_18_f58> is
   incomplete. The signal does not drive any load pins in the design.
WARNING:PhysDesignRules:367 - The signal <call_SDRAM/inst_LPM_MUX4_18_f59> is
   incomplete. The signal does not drive any load pins in the design.
WARNING:PhysDesignRules:367 - The signal <call_SDRAM/inst_LPM_MUX4_19_f54> is
   incomplete. The signal does not drive any load pins in the design.
WARNING:PhysDesignRules:367 - The signal <call_SDRAM/inst_LPM_MUX4_19_f58> is
   incomplete. The signal does not drive any load pins in the design.
WARNING:PhysDesignRules:367 - The signal <call_SDRAM/inst_LPM_MUX5_20_f55> is
   incomplete. The signal does not drive any load pins in the design.
WARNING:PhysDesignRules:367 - The signal <call_SDRAM/inst_LPM_MUX5_20_f510> is
   incomplete. The signal does not drive any load pins in the design.
WARNING:PhysDesignRules:367 - The signal <call_SDRAM/inst_LPM_MUX2_17_f511> is
   incomplete. The signal does not drive any load pins in the design.
WARNING:PhysDesignRules:367 - The signal <call_SDRAM/inst_LPM_MUX2_17_f512> is
   incomplete. The signal does not drive any load pins in the design.
WARNING:PhysDesignRules:367 - The signal <call_SDRAM/inst_LPM_MUX2_17_f513> is
   incomplete. The signal does not drive any load pins in the design.
WARNING:PhysDesignRules:367 - The signal <call_SDRAM/inst_LPM_MUX2_17_f522> is
   incomplete. The signal does not drive any load pins in the design.
WARNING:PhysDesignRules:367 - The signal <call_SDRAM/inst_LPM_MUX2_17_f514> is
   incomplete. The signal does not drive any load pins in the design.
WARNING:PhysDesignRules:367 - The signal <call_SDRAM/inst_LPM_MUX2_17_f523> is
   incomplete. The signal does not drive any load pins in the design.
WARNING:PhysDesignRules:367 - The signal <call_SDRAM/inst_LPM_MUX2_17_f524> is
   incomplete. The signal does not drive any load pins in the design.
WARNING:PhysDesignRules:367 - The signal <call_SDRAM/inst_LPM_MUX2_17_f516> is
   incomplete. The signal does not drive any load pins in the design.
WARNING:PhysDesignRules:367 - The signal <call_SDRAM/inst_LPM_MUX2_17_f525> is
   incomplete. The signal does not drive any load pins in the design.
WARNING:PhysDesignRules:367 - The signal <call_SDRAM/inst_LPM_MUX2_17_f517> is
   incomplete. The signal does not drive any load pins in the design.
WARNING:PhysDesignRules:367 - The signal <call_SDRAM/inst_LPM_MUX2_17_f526> is
   incomplete. The signal does not drive any load pins in the design.
WARNING:PhysDesignRules:367 - The signal <call_SDRAM/inst_LPM_MUX2_17_f518> is
   incomplete. The signal does not drive any load pins in the design.
WARNING:PhysDesignRules:367 - The signal <call_SDRAM/inst_LPM_MUX2_17_f527> is
   incomplete. The signal does not drive any load pins in the design.
WARNING:PhysDesignRules:367 - The signal <call_SDRAM/inst_LPM_MUX2_17_f519> is
   incomplete. The signal does not drive any load pins in the design.
WARNING:PhysDesignRules:367 - The signal <call_SDRAM/inst_LPM_MUX2_17_f520> is
   incomplete. The signal does not drive any load pins in the design.
WARNING:PhysDesignRules:367 - The signal <call_SDRAM/inst_LPM_MUX5_21_f56> is
   incomplete. The signal does not drive any load pins in the design.
WARNING:PhysDesignRules:367 - The signal <call_SDRAM/inst_LPM_MUX5_22_f57> is
   incomplete. The signal does not drive any load pins in the design.
WARNING:PhysDesignRules:367 - The signal <call_SDRAM/inst_LPM_MUX2_18_f512> is
   incomplete. The signal does not drive any load pins in the design.
WARNING:PhysDesignRules:367 - The signal <call_SDRAM/inst_LPM_MUX2_18_f522> is
   incomplete. The signal does not drive any load pins in the design.
WARNING:PhysDesignRules:367 - The signal <call_SDRAM/inst_LPM_MUX2_18_f514> is
   incomplete. The signal does not drive any load pins in the design.
WARNING:PhysDesignRules:367 - The signal <call_SDRAM/inst_LPM_MUX2_18_f531> is
   incomplete. The signal does not drive any load pins in the design.
WARNING:PhysDesignRules:367 - The signal <call_SDRAM/inst_LPM_MUX2_18_f515> is
   incomplete. The signal does not drive any load pins in the design.
WARNING:PhysDesignRules:367 - The signal <call_SDRAM/inst_LPM_MUX2_18_f532> is
   incomplete. The signal does not drive any load pins in the design.
WARNING:PhysDesignRules:367 - The signal <call_SDRAM/inst_LPM_MUX2_18_f524> is
   incomplete. The signal does not drive any load pins in the design.
WARNING:PhysDesignRules:367 - The signal <call_SDRAM/inst_LPM_MUX2_18_f533> is
   incomplete. The signal does not drive any load pins in the design.
WARNING:PhysDesignRules:367 - The signal <call_SDRAM/inst_LPM_MUX2_18_f525> is
   incomplete. The signal does not drive any load pins in the design.
WARNING:PhysDesignRules:367 - The signal <call_SDRAM/inst_LPM_MUX2_18_f517> is
   incomplete. The signal does not drive any load pins in the design.
WARNING:PhysDesignRules:367 - The signal <call_SDRAM/inst_LPM_MUX2_18_f542> is
   incomplete. The signal does not drive any load pins in the design.
WARNING:PhysDesignRules:367 - The signal <call_SDRAM/inst_LPM_MUX2_18_f534> is
   incomplete. The signal does not drive any load pins in the design.
WARNING:PhysDesignRules:367 - The signal <call_SDRAM/inst_LPM_MUX2_18_f518> is
   incomplete. The signal does not drive any load pins in the design.
WARNING:PhysDesignRules:367 - The signal <call_SDRAM/inst_LPM_MUX2_18_f551> is
   incomplete. The signal does not drive any load pins in the design.
WARNING:PhysDesignRules:367 - The signal <call_SDRAM/inst_LPM_MUX2_18_f543> is
   incomplete. The signal does not drive any load pins in the design.
WARNING:PhysDesignRules:367 - The signal <call_SDRAM/inst_LPM_MUX2_18_f527> is
   incomplete. The signal does not drive any load pins in the design.
WARNING:PhysDesignRules:367 - The signal <call_SDRAM/inst_LPM_MUX2_18_f519> is
   incomplete. The signal does not drive any load pins in the design.
WARNING:PhysDesignRules:367 - The signal <call_SDRAM/inst_LPM_MUX2_18_f552> is
   incomplete. The signal does not drive any load pins in the design.
WARNING:PhysDesignRules:367 - The signal <call_SDRAM/inst_LPM_MUX2_18_f544> is
   incomplete. The signal does not drive any load pins in the design.
WARNING:PhysDesignRules:367 - The signal <call_SDRAM/inst_LPM_MUX2_18_f528> is
   incomplete. The signal does not drive any load pins in the design.
WARNING:PhysDesignRules:367 - The signal <call_SDRAM/inst_LPM_MUX2_18_f553> is
   incomplete. The signal does not drive any load pins in the design.
WARNING:PhysDesignRules:367 - The signal <call_SDRAM/inst_LPM_MUX2_18_f537> is
   incomplete. The signal does not drive any load pins in the design.
WARNING:PhysDesignRules:367 - The signal <call_SDRAM/inst_LPM_MUX2_18_f529> is
   incomplete. The signal does not drive any load pins in the design.
WARNING:PhysDesignRules:367 - The signal <call_SDRAM/inst_LPM_MUX2_18_f554> is
   incomplete. The signal does not drive any load pins in the design.
WARNING:PhysDesignRules:367 - The signal <call_SDRAM/inst_LPM_MUX2_18_f546> is
   incomplete. The signal does not drive any load pins in the design.
WARNING:PhysDesignRules:367 - The signal <call_SDRAM/inst_LPM_MUX2_18_f555> is
   incomplete. The signal does not drive any load pins in the design.
WARNING:PhysDesignRules:367 - The signal <call_SDRAM/inst_LPM_MUX2_18_f547> is
   incomplete. The signal does not drive any load pins in the design.
WARNING:PhysDesignRules:367 - The signal <call_SDRAM/inst_LPM_MUX2_18_f539> is
   incomplete. The signal does not drive any load pins in the design.
WARNING:PhysDesignRules:367 - The signal <call_SDRAM/inst_LPM_MUX2_18_f548> is
   incomplete. The signal does not drive any load pins in the design.
WARNING:PhysDesignRules:367 - The signal <call_SDRAM/inst_LPM_MUX2_18_f540> is
   incomplete. The signal does not drive any load pins in the design.
WARNING:PhysDesignRules:367 - The signal <call_SDRAM/inst_LPM_MUX2_18_f549> is
   incomplete. The signal does not drive any load pins in the design.
WARNING:PhysDesignRules:367 - The signal <call_SDRAM/inst_LPM_MUX5_16_f51> is
   incomplete. The signal does not drive any load pins in the design.
WARNING:PhysDesignRules:367 - The signal <call_SDRAM/inst_LPM_MUX5_16_f52> is
   incomplete. The signal does not drive any load pins in the design.
WARNING:PhysDesignRules:367 - The signal <call_SDRAM/inst_LPM_MUX5_16_f53> is
   incomplete. The signal does not drive any load pins in the design.
WARNING:PhysDesignRules:367 - The signal <call_SDRAM/inst_LPM_MUX5_16_f54> is
   incomplete. The signal does not drive any load pins in the design.
WARNING:PhysDesignRules:367 - The signal <call_SDRAM/inst_LPM_MUX5_16_f55> is
   incomplete. The signal does not drive any load pins in the design.
WARNING:PhysDesignRules:367 - The signal <call_SDRAM/inst_LPM_MUX5_16_f56> is
   incomplete. The signal does not drive any load pins in the design.
WARNING:PhysDesignRules:367 - The signal <call_SDRAM/inst_LPM_MUX5_16_f57> is
   incomplete. The signal does not drive any load pins in the design.
WARNING:PhysDesignRules:367 - The signal <call_SDRAM/inst_LPM_MUX2_19_f511> is
   incomplete. The signal does not drive any load pins in the design.
WARNING:PhysDesignRules:367 - The signal <call_SDRAM/inst_LPM_MUX2_19_f521> is
   incomplete. The signal does not drive any load pins in the design.
WARNING:PhysDesignRules:367 - The signal <call_SDRAM/inst_LPM_MUX2_19_f513> is
   incomplete. The signal does not drive any load pins in the design.
WARNING:PhysDesignRules:367 - The signal <call_SDRAM/inst_LPM_MUX2_19_f514> is
   incomplete. The signal does not drive any load pins in the design.
WARNING:PhysDesignRules:367 - The signal <call_SDRAM/inst_LPM_MUX2_19_f523> is
   incomplete. The signal does not drive any load pins in the design.
WARNING:PhysDesignRules:367 - The signal <call_SDRAM/inst_LPM_MUX2_19_f532> is
   incomplete. The signal does not drive any load pins in the design.
WARNING:PhysDesignRules:367 - The signal <call_SDRAM/inst_LPM_MUX2_19_f524> is
   incomplete. The signal does not drive any load pins in the design.
WARNING:PhysDesignRules:367 - The signal <call_SDRAM/inst_LPM_MUX2_19_f541> is
   incomplete. The signal does not drive any load pins in the design.
WARNING:PhysDesignRules:367 - The signal <call_SDRAM/inst_LPM_MUX2_19_f533> is
   incomplete. The signal does not drive any load pins in the design.
WARNING:PhysDesignRules:367 - The signal <call_SDRAM/inst_LPM_MUX2_19_f534> is
   incomplete. The signal does not drive any load pins in the design.
WARNING:PhysDesignRules:367 - The signal <call_SDRAM/inst_LPM_MUX2_19_f518> is
   incomplete. The signal does not drive any load pins in the design.
WARNING:PhysDesignRules:367 - The signal <call_SDRAM/inst_LPM_MUX2_19_f543> is
   incomplete. The signal does not drive any load pins in the design.
WARNING:PhysDesignRules:367 - The signal <call_SDRAM/inst_LPM_MUX2_19_f527> is
   incomplete. The signal does not drive any load pins in the design.
WARNING:PhysDesignRules:367 - The signal <call_SDRAM/inst_LPM_MUX5_17_f52> is
   incomplete. The signal does not drive any load pins in the design.
WARNING:PhysDesignRules:367 - The signal <call_SDRAM/inst_LPM_MUX2_19_f552> is
   incomplete. The signal does not drive any load pins in the design.
WARNING:PhysDesignRules:367 - The signal <call_SDRAM/inst_LPM_MUX2_19_f544> is
   incomplete. The signal does not drive any load pins in the design.
WARNING:PhysDesignRules:367 - The signal <call_SDRAM/inst_LPM_MUX2_19_f553> is
   incomplete. The signal does not drive any load pins in the design.
WARNING:PhysDesignRules:367 - The signal <call_SDRAM/inst_LPM_MUX2_19_f529> is
   incomplete. The signal does not drive any load pins in the design.
WARNING:PhysDesignRules:367 - The signal <call_SDRAM/inst_LPM_MUX5_17_f54> is
   incomplete. The signal does not drive any load pins in the design.
WARNING:PhysDesignRules:367 - The signal <call_SDRAM/inst_LPM_MUX2_19_f562> is
   incomplete. The signal does not drive any load pins in the design.
WARNING:PhysDesignRules:367 - The signal <call_SDRAM/inst_LPM_MUX2_19_f554> is
   incomplete. The signal does not drive any load pins in the design.
WARNING:PhysDesignRules:367 - The signal <call_SDRAM/inst_LPM_MUX2_19_f538> is
   incomplete. The signal does not drive any load pins in the design.
WARNING:PhysDesignRules:367 - The signal <call_SDRAM/inst_LPM_MUX2_19_f530> is
   incomplete. The signal does not drive any load pins in the design.
WARNING:PhysDesignRules:367 - The signal <call_SDRAM/inst_LPM_MUX5_17_f55> is
   incomplete. The signal does not drive any load pins in the design.
WARNING:PhysDesignRules:367 - The signal <call_SDRAM/inst_LPM_MUX2_19_f563> is
   incomplete. The signal does not drive any load pins in the design.
WARNING:PhysDesignRules:367 - The signal <call_SDRAM/inst_LPM_MUX2_19_f547> is
   incomplete. The signal does not drive any load pins in the design.
WARNING:PhysDesignRules:367 - The signal <call_SDRAM/inst_LPM_MUX2_19_f564> is
   incomplete. The signal does not drive any load pins in the design.
WARNING:PhysDesignRules:367 - The signal <call_SDRAM/inst_LPM_MUX5_17_f57> is
   incomplete. The signal does not drive any load pins in the design.
WARNING:PhysDesignRules:367 - The signal <call_SDRAM/inst_LPM_MUX2_19_f557> is
   incomplete. The signal does not drive any load pins in the design.
WARNING:PhysDesignRules:367 - The signal <call_SDRAM/inst_LPM_MUX2_19_f549> is
   incomplete. The signal does not drive any load pins in the design.
WARNING:PhysDesignRules:367 - The signal <call_SDRAM/inst_LPM_MUX5_17_f58> is
   incomplete. The signal does not drive any load pins in the design.
WARNING:PhysDesignRules:367 - The signal <call_SDRAM/inst_LPM_MUX2_19_f566> is
   incomplete. The signal does not drive any load pins in the design.
WARNING:PhysDesignRules:367 - The signal <call_SDRAM/inst_LPM_MUX2_19_f550> is
   incomplete. The signal does not drive any load pins in the design.
WARNING:PhysDesignRules:367 - The signal <call_SDRAM/inst_LPM_MUX5_17_f59> is
   incomplete. The signal does not drive any load pins in the design.
WARNING:PhysDesignRules:367 - The signal <call_SDRAM/inst_LPM_MUX2_19_f567> is
   incomplete. The signal does not drive any load pins in the design.
WARNING:PhysDesignRules:367 - The signal <call_SDRAM/inst_LPM_MUX2_19_f559> is
   incomplete. The signal does not drive any load pins in the design.
WARNING:PhysDesignRules:367 - The signal <call_SDRAM/inst_LPM_MUX2_19_f568> is
   incomplete. The signal does not drive any load pins in the design.
WARNING:PhysDesignRules:367 - The signal <call_SDRAM/inst_LPM_MUX2_19_f560> is
   incomplete. The signal does not drive any load pins in the design.
WARNING:PhysDesignRules:367 - The signal <call_SDRAM/inst_LPM_MUX2_19_f569> is
   incomplete. The signal does not drive any load pins in the design.
WARNING:PhysDesignRules:367 - The signal <call_SDRAM/inst_LPM_MUX5_18_f53> is
   incomplete. The signal does not drive any load pins in the design.
WARNING:PhysDesignRules:367 - The signal <call_SDRAM/inst_LPM_MUX5_18_f56> is
   incomplete. The signal does not drive any load pins in the design.
WARNING:PhysDesignRules:367 - The signal <call_SDRAM/inst_LPM_MUX5_18_f58> is
   incomplete. The signal does not drive any load pins in the design.
WARNING:PhysDesignRules:367 - The signal <call_SDRAM/inst_LPM_MUX5_18_f59> is
   incomplete. The signal does not drive any load pins in the design.
WARNING:PhysDesignRules:367 - The signal <call_SDRAM/inst_LPM_MUX3_20_f514> is
   incomplete. The signal does not drive any load pins in the design.
WARNING:PhysDesignRules:367 - The signal <call_SDRAM/inst_LPM_MUX3_20_f532> is
   incomplete. The signal does not drive any load pins in the design.
WARNING:PhysDesignRules:367 - The signal <call_SDRAM/inst_LPM_MUX3_20_f525> is
   incomplete. The signal does not drive any load pins in the design.
WARNING:PhysDesignRules:367 - The signal <call_SDRAM/inst_LPM_MUX3_20_f517> is
   incomplete. The signal does not drive any load pins in the design.
WARNING:PhysDesignRules:367 - The signal <call_SDRAM/inst_LPM_MUX3_20_f542> is
   incomplete. The signal does not drive any load pins in the design.
WARNING:PhysDesignRules:367 - The signal <call_SDRAM/inst_LPM_MUX3_20_f534> is
   incomplete. The signal does not drive any load pins in the design.
WARNING:PhysDesignRules:367 - The signal <call_SDRAM/inst_LPM_MUX3_20_f551> is
   incomplete. The signal does not drive any load pins in the design.
WARNING:PhysDesignRules:367 - The signal <call_SDRAM/inst_LPM_MUX3_20_f535> is
   incomplete. The signal does not drive any load pins in the design.
WARNING:PhysDesignRules:367 - The signal <call_SDRAM/inst_LPM_MUX3_20_f519> is
   incomplete. The signal does not drive any load pins in the design.
WARNING:PhysDesignRules:367 - The signal <call_SDRAM/inst_LPM_MUX3_20_f544> is
   incomplete. The signal does not drive any load pins in the design.
WARNING:PhysDesignRules:367 - The signal <call_SDRAM/inst_LPM_MUX3_20_f520> is
   incomplete. The signal does not drive any load pins in the design.
WARNING:PhysDesignRules:367 - The signal <call_SDRAM/inst_LPM_MUX3_20_f553> is
   incomplete. The signal does not drive any load pins in the design.
WARNING:PhysDesignRules:367 - The signal <call_SDRAM/inst_LPM_MUX3_20_f545> is
   incomplete. The signal does not drive any load pins in the design.
WARNING:PhysDesignRules:367 - The signal <call_SDRAM/inst_LPM_MUX3_20_f529> is
   incomplete. The signal does not drive any load pins in the design.
WARNING:PhysDesignRules:367 - The signal <call_SDRAM/inst_LPM_MUX5_19_f54> is
   incomplete. The signal does not drive any load pins in the design.
WARNING:PhysDesignRules:367 - The signal <call_SDRAM/inst_LPM_MUX3_20_f554> is
   incomplete. The signal does not drive any load pins in the design.
WARNING:PhysDesignRules:367 - The signal <call_SDRAM/inst_LPM_MUX3_20_f555> is
   incomplete. The signal does not drive any load pins in the design.
WARNING:PhysDesignRules:367 - The signal <call_SDRAM/inst_LPM_MUX3_20_f539> is
   incomplete. The signal does not drive any load pins in the design.
WARNING:PhysDesignRules:367 - The signal <call_SDRAM/inst_LPM_MUX3_20_f548> is
   incomplete. The signal does not drive any load pins in the design.
WARNING:PhysDesignRules:367 - The signal <call_SDRAM/inst_LPM_MUX5_19_f58> is
   incomplete. The signal does not drive any load pins in the design.
WARNING:PhysDesignRules:367 - The signal <call_SDRAM/inst_LPM_MUX3_20_f550> is
   incomplete. The signal does not drive any load pins in the design.
WARNING:PhysDesignRules:367 - The signal <call_SDRAM/inst_LPM_MUX6_20_f55> is
   incomplete. The signal does not drive any load pins in the design.
WARNING:PhysDesignRules:367 - The signal <call_SDRAM/inst_LPM_MUX6_20_f510> is
   incomplete. The signal does not drive any load pins in the design.
WARNING:PhysDesignRules:367 - The signal <call_SDRAM/inst_LPM_MUX3_21_f512> is
   incomplete. The signal does not drive any load pins in the design.
WARNING:PhysDesignRules:367 - The signal <call_SDRAM/inst_LPM_MUX3_21_f521> is
   incomplete. The signal does not drive any load pins in the design.
WARNING:PhysDesignRules:367 - The signal <call_SDRAM/inst_LPM_MUX3_21_f524> is
   incomplete. The signal does not drive any load pins in the design.
WARNING:PhysDesignRules:367 - The signal <call_SDRAM/inst_LPM_MUX3_21_f517> is
   incomplete. The signal does not drive any load pins in the design.
WARNING:PhysDesignRules:367 - The signal <call_SDRAM/inst_LPM_MUX3_21_f526> is
   incomplete. The signal does not drive any load pins in the design.
WARNING:PhysDesignRules:367 - The signal <call_SDRAM/inst_LPM_MUX3_21_f527> is
   incomplete. The signal does not drive any load pins in the design.
WARNING:PhysDesignRules:367 - The signal <call_SDRAM/inst_LPM_MUX6_21_f56> is
   incomplete. The signal does not drive any load pins in the design.
WARNING:PhysDesignRules:367 - The signal <call_SDRAM/inst_LPM_MUX6_22_f57> is
   incomplete. The signal does not drive any load pins in the design.
WARNING:PhysDesignRules:367 - The signal <call_SDRAM/inst_LPM_MUX6_16_f51> is
   incomplete. The signal does not drive any load pins in the design.
WARNING:PhysDesignRules:367 - The signal <call_SDRAM/inst_LPM_MUX6_16_f52> is
   incomplete. The signal does not drive any load pins in the design.
WARNING:PhysDesignRules:367 - The signal <call_SDRAM/inst_LPM_MUX6_16_f53> is
   incomplete. The signal does not drive any load pins in the design.
WARNING:PhysDesignRules:367 - The signal <call_SDRAM/inst_LPM_MUX6_16_f54> is
   incomplete. The signal does not drive any load pins in the design.
WARNING:PhysDesignRules:367 - The signal <call_SDRAM/inst_LPM_MUX6_16_f55> is
   incomplete. The signal does not drive any load pins in the design.
WARNING:PhysDesignRules:367 - The signal <call_SDRAM/inst_LPM_MUX6_16_f56> is
   incomplete. The signal does not drive any load pins in the design.
WARNING:PhysDesignRules:367 - The signal <call_SDRAM/inst_LPM_MUX6_16_f57> is
   incomplete. The signal does not drive any load pins in the design.
WARNING:PhysDesignRules:367 - The signal <call_SDRAM/inst_LPM_MUX6_17_f52> is
   incomplete. The signal does not drive any load pins in the design.
WARNING:PhysDesignRules:367 - The signal <call_SDRAM/inst_LPM_MUX6_17_f54> is
   incomplete. The signal does not drive any load pins in the design.
WARNING:PhysDesignRules:367 - The signal <call_SDRAM/inst_LPM_MUX6_17_f55> is
   incomplete. The signal does not drive any load pins in the design.
WARNING:PhysDesignRules:367 - The signal <call_SDRAM/inst_LPM_MUX6_17_f57> is
   incomplete. The signal does not drive any load pins in the design.
WARNING:PhysDesignRules:367 - The signal <call_SDRAM/inst_LPM_MUX6_17_f58> is
   incomplete. The signal does not drive any load pins in the design.
WARNING:PhysDesignRules:367 - The signal <call_SDRAM/inst_LPM_MUX6_17_f59> is
   incomplete. The signal does not drive any load pins in the design.
WARNING:PhysDesignRules:367 - The signal <call_SDRAM/inst_LPM_MUX6_18_f53> is
   incomplete. The signal does not drive any load pins in the design.
WARNING:PhysDesignRules:367 - The signal <call_SDRAM/inst_LPM_MUX6_18_f56> is
   incomplete. The signal does not drive any load pins in the design.
WARNING:PhysDesignRules:367 - The signal <call_SDRAM/inst_LPM_MUX6_18_f58> is
   incomplete. The signal does not drive any load pins in the design.
WARNING:PhysDesignRules:367 - The signal <call_SDRAM/inst_LPM_MUX6_18_f59> is
   incomplete. The signal does not drive any load pins in the design.
WARNING:PhysDesignRules:367 - The signal <call_SDRAM/inst_LPM_MUX6_19_f54> is
   incomplete. The signal does not drive any load pins in the design.
WARNING:PhysDesignRules:367 - The signal <call_SDRAM/inst_LPM_MUX6_19_f58> is
   incomplete. The signal does not drive any load pins in the design.
WARNING:PhysDesignRules:367 - The signal <call_SDRAM/inst_LPM_MUX7_20_f55> is
   incomplete. The signal does not drive any load pins in the design.
WARNING:PhysDesignRules:367 - The signal <call_SDRAM/inst_LPM_MUX7_20_f510> is
   incomplete. The signal does not drive any load pins in the design.
WARNING:PhysDesignRules:367 - The signal <call_SDRAM/inst_LPM_MUX3_17_f511> is
   incomplete. The signal does not drive any load pins in the design.
WARNING:PhysDesignRules:367 - The signal <call_SDRAM/inst_LPM_MUX3_17_f512> is
   incomplete. The signal does not drive any load pins in the design.
WARNING:PhysDesignRules:367 - The signal <call_SDRAM/inst_LPM_MUX3_17_f513> is
   incomplete. The signal does not drive any load pins in the design.
WARNING:PhysDesignRules:367 - The signal <call_SDRAM/inst_LPM_MUX3_17_f522> is
   incomplete. The signal does not drive any load pins in the design.
WARNING:PhysDesignRules:367 - The signal <call_SDRAM/inst_LPM_MUX3_17_f514> is
   incomplete. The signal does not drive any load pins in the design.
WARNING:PhysDesignRules:367 - The signal <call_SDRAM/inst_LPM_MUX3_17_f523> is
   incomplete. The signal does not drive any load pins in the design.
WARNING:PhysDesignRules:367 - The signal <call_SDRAM/inst_LPM_MUX3_17_f524> is
   incomplete. The signal does not drive any load pins in the design.
WARNING:PhysDesignRules:367 - The signal <call_SDRAM/inst_LPM_MUX3_17_f516> is
   incomplete. The signal does not drive any load pins in the design.
WARNING:PhysDesignRules:367 - The signal <call_SDRAM/inst_LPM_MUX3_17_f525> is
   incomplete. The signal does not drive any load pins in the design.
WARNING:PhysDesignRules:367 - The signal <call_SDRAM/inst_LPM_MUX3_17_f517> is
   incomplete. The signal does not drive any load pins in the design.
WARNING:PhysDesignRules:367 - The signal <call_SDRAM/inst_LPM_MUX3_17_f526> is
   incomplete. The signal does not drive any load pins in the design.
WARNING:PhysDesignRules:367 - The signal <call_SDRAM/inst_LPM_MUX3_17_f518> is
   incomplete. The signal does not drive any load pins in the design.
WARNING:PhysDesignRules:367 - The signal <call_SDRAM/inst_LPM_MUX3_17_f527> is
   incomplete. The signal does not drive any load pins in the design.
WARNING:PhysDesignRules:367 - The signal <call_SDRAM/inst_LPM_MUX3_17_f519> is
   incomplete. The signal does not drive any load pins in the design.
WARNING:PhysDesignRules:367 - The signal <call_SDRAM/inst_LPM_MUX3_17_f520> is
   incomplete. The signal does not drive any load pins in the design.
WARNING:PhysDesignRules:367 - The signal <call_SDRAM/inst_LPM_MUX7_21_f56> is
   incomplete. The signal does not drive any load pins in the design.
WARNING:PhysDesignRules:367 - The signal <call_SDRAM/inst_LPM_MUX7_22_f57> is
   incomplete. The signal does not drive any load pins in the design.
WARNING:PhysDesignRules:367 - The signal <call_SDRAM/inst_LPM_MUX3_18_f512> is
   incomplete. The signal does not drive any load pins in the design.
WARNING:PhysDesignRules:367 - The signal <call_SDRAM/inst_LPM_MUX3_18_f522> is
   incomplete. The signal does not drive any load pins in the design.
WARNING:PhysDesignRules:367 - The signal <call_SDRAM/inst_LPM_MUX3_18_f514> is
   incomplete. The signal does not drive any load pins in the design.
WARNING:PhysDesignRules:367 - The signal <call_SDRAM/inst_LPM_MUX3_18_f531> is
   incomplete. The signal does not drive any load pins in the design.
WARNING:PhysDesignRules:367 - The signal <call_SDRAM/inst_LPM_MUX3_18_f515> is
   incomplete. The signal does not drive any load pins in the design.
WARNING:PhysDesignRules:367 - The signal <call_SDRAM/inst_LPM_MUX3_18_f532> is
   incomplete. The signal does not drive any load pins in the design.
WARNING:PhysDesignRules:367 - The signal <call_SDRAM/inst_LPM_MUX3_18_f524> is
   incomplete. The signal does not drive any load pins in the design.
WARNING:PhysDesignRules:367 - The signal <call_SDRAM/inst_LPM_MUX3_18_f533> is
   incomplete. The signal does not drive any load pins in the design.
WARNING:PhysDesignRules:367 - The signal <call_SDRAM/inst_LPM_MUX3_18_f525> is
   incomplete. The signal does not drive any load pins in the design.
WARNING:PhysDesignRules:367 - The signal <call_SDRAM/inst_LPM_MUX3_18_f517> is
   incomplete. The signal does not drive any load pins in the design.
WARNING:PhysDesignRules:367 - The signal <call_SDRAM/inst_LPM_MUX3_18_f542> is
   incomplete. The signal does not drive any load pins in the design.
WARNING:PhysDesignRules:367 - The signal <call_SDRAM/inst_LPM_MUX3_18_f534> is
   incomplete. The signal does not drive any load pins in the design.
WARNING:PhysDesignRules:367 - The signal <call_SDRAM/inst_LPM_MUX3_18_f518> is
   incomplete. The signal does not drive any load pins in the design.
WARNING:PhysDesignRules:367 - The signal <call_SDRAM/inst_LPM_MUX3_18_f551> is
   incomplete. The signal does not drive any load pins in the design.
WARNING:PhysDesignRules:367 - The signal <call_SDRAM/inst_LPM_MUX3_18_f543> is
   incomplete. The signal does not drive any load pins in the design.
WARNING:PhysDesignRules:367 - The signal <call_SDRAM/inst_LPM_MUX3_18_f527> is
   incomplete. The signal does not drive any load pins in the design.
WARNING:PhysDesignRules:367 - The signal <call_SDRAM/inst_LPM_MUX3_18_f519> is
   incomplete. The signal does not drive any load pins in the design.
WARNING:PhysDesignRules:367 - The signal <call_SDRAM/inst_LPM_MUX3_18_f552> is
   incomplete. The signal does not drive any load pins in the design.
WARNING:PhysDesignRules:367 - The signal <call_SDRAM/inst_LPM_MUX3_18_f544> is
   incomplete. The signal does not drive any load pins in the design.
WARNING:PhysDesignRules:367 - The signal <call_SDRAM/inst_LPM_MUX3_18_f528> is
   incomplete. The signal does not drive any load pins in the design.
WARNING:PhysDesignRules:367 - The signal <call_SDRAM/inst_LPM_MUX3_18_f553> is
   incomplete. The signal does not drive any load pins in the design.
WARNING:PhysDesignRules:367 - The signal <call_SDRAM/inst_LPM_MUX3_18_f537> is
   incomplete. The signal does not drive any load pins in the design.
WARNING:PhysDesignRules:367 - The signal <call_SDRAM/inst_LPM_MUX3_18_f529> is
   incomplete. The signal does not drive any load pins in the design.
WARNING:PhysDesignRules:367 - The signal <call_SDRAM/inst_LPM_MUX3_18_f554> is
   incomplete. The signal does not drive any load pins in the design.
WARNING:PhysDesignRules:367 - The signal <call_SDRAM/inst_LPM_MUX3_18_f546> is
   incomplete. The signal does not drive any load pins in the design.
WARNING:PhysDesignRules:367 - The signal <call_SDRAM/inst_LPM_MUX3_18_f555> is
   incomplete. The signal does not drive any load pins in the design.
WARNING:PhysDesignRules:367 - The signal <call_SDRAM/inst_LPM_MUX3_18_f547> is
   incomplete. The signal does not drive any load pins in the design.
WARNING:PhysDesignRules:367 - The signal <call_SDRAM/inst_LPM_MUX3_18_f539> is
   incomplete. The signal does not drive any load pins in the design.
WARNING:PhysDesignRules:367 - The signal <call_SDRAM/inst_LPM_MUX3_18_f548> is
   incomplete. The signal does not drive any load pins in the design.
WARNING:PhysDesignRules:367 - The signal <call_SDRAM/inst_LPM_MUX3_18_f540> is
   incomplete. The signal does not drive any load pins in the design.
WARNING:PhysDesignRules:367 - The signal <call_SDRAM/inst_LPM_MUX3_18_f549> is
   incomplete. The signal does not drive any load pins in the design.
WARNING:PhysDesignRules:367 - The signal <call_SDRAM/inst_LPM_MUX7_16_f51> is
   incomplete. The signal does not drive any load pins in the design.
WARNING:PhysDesignRules:367 - The signal <call_SDRAM/inst_LPM_MUX7_16_f52> is
   incomplete. The signal does not drive any load pins in the design.
WARNING:PhysDesignRules:367 - The signal <call_SDRAM/inst_LPM_MUX7_16_f53> is
   incomplete. The signal does not drive any load pins in the design.
WARNING:PhysDesignRules:367 - The signal <call_SDRAM/inst_LPM_MUX7_16_f54> is
   incomplete. The signal does not drive any load pins in the design.
WARNING:PhysDesignRules:367 - The signal <call_SDRAM/inst_LPM_MUX7_16_f55> is
   incomplete. The signal does not drive any load pins in the design.
WARNING:PhysDesignRules:367 - The signal <call_SDRAM/inst_LPM_MUX7_16_f56> is
   incomplete. The signal does not drive any load pins in the design.
WARNING:PhysDesignRules:367 - The signal <call_SDRAM/inst_LPM_MUX7_16_f57> is
   incomplete. The signal does not drive any load pins in the design.
WARNING:PhysDesignRules:367 - The signal <call_SDRAM/inst_LPM_MUX3_19_f511> is
   incomplete. The signal does not drive any load pins in the design.
WARNING:PhysDesignRules:367 - The signal <call_SDRAM/inst_LPM_MUX3_19_f521> is
   incomplete. The signal does not drive any load pins in the design.
WARNING:PhysDesignRules:367 - The signal <call_SDRAM/inst_LPM_MUX3_19_f513> is
   incomplete. The signal does not drive any load pins in the design.
WARNING:PhysDesignRules:367 - The signal <call_SDRAM/inst_LPM_MUX3_19_f514> is
   incomplete. The signal does not drive any load pins in the design.
WARNING:PhysDesignRules:367 - The signal <call_SDRAM/inst_LPM_MUX3_19_f523> is
   incomplete. The signal does not drive any load pins in the design.
WARNING:PhysDesignRules:367 - The signal <call_SDRAM/inst_LPM_MUX3_19_f532> is
   incomplete. The signal does not drive any load pins in the design.
WARNING:PhysDesignRules:367 - The signal <call_SDRAM/inst_LPM_MUX3_19_f524> is
   incomplete. The signal does not drive any load pins in the design.
WARNING:PhysDesignRules:367 - The signal <call_SDRAM/inst_LPM_MUX3_19_f541> is
   incomplete. The signal does not drive any load pins in the design.
WARNING:PhysDesignRules:367 - The signal <call_SDRAM/inst_LPM_MUX3_19_f533> is
   incomplete. The signal does not drive any load pins in the design.
WARNING:PhysDesignRules:367 - The signal <call_SDRAM/inst_LPM_MUX3_19_f534> is
   incomplete. The signal does not drive any load pins in the design.
WARNING:PhysDesignRules:367 - The signal <call_SDRAM/inst_LPM_MUX3_19_f518> is
   incomplete. The signal does not drive any load pins in the design.
WARNING:PhysDesignRules:367 - The signal <call_SDRAM/inst_LPM_MUX3_19_f543> is
   incomplete. The signal does not drive any load pins in the design.
WARNING:PhysDesignRules:367 - The signal <call_SDRAM/inst_LPM_MUX3_19_f527> is
   incomplete. The signal does not drive any load pins in the design.
WARNING:PhysDesignRules:367 - The signal <call_SDRAM/inst_LPM_MUX7_17_f52> is
   incomplete. The signal does not drive any load pins in the design.
WARNING:PhysDesignRules:367 - The signal <call_SDRAM/inst_LPM_MUX3_19_f552> is
   incomplete. The signal does not drive any load pins in the design.
WARNING:PhysDesignRules:367 - The signal <call_SDRAM/inst_LPM_MUX3_19_f544> is
   incomplete. The signal does not drive any load pins in the design.
WARNING:PhysDesignRules:367 - The signal <call_SDRAM/inst_LPM_MUX3_19_f553> is
   incomplete. The signal does not drive any load pins in the design.
WARNING:PhysDesignRules:367 - The signal <call_SDRAM/inst_LPM_MUX3_19_f529> is
   incomplete. The signal does not drive any load pins in the design.
WARNING:PhysDesignRules:367 - The signal <call_SDRAM/inst_LPM_MUX7_17_f54> is
   incomplete. The signal does not drive any load pins in the design.
WARNING:PhysDesignRules:367 - The signal <call_SDRAM/inst_LPM_MUX3_19_f562> is
   incomplete. The signal does not drive any load pins in the design.
WARNING:PhysDesignRules:367 - The signal <call_SDRAM/inst_LPM_MUX3_19_f554> is
   incomplete. The signal does not drive any load pins in the design.
WARNING:PhysDesignRules:367 - The signal <call_SDRAM/inst_LPM_MUX3_19_f538> is
   incomplete. The signal does not drive any load pins in the design.
WARNING:PhysDesignRules:367 - The signal <call_SDRAM/inst_LPM_MUX3_19_f530> is
   incomplete. The signal does not drive any load pins in the design.
WARNING:PhysDesignRules:367 - The signal <call_SDRAM/inst_LPM_MUX7_17_f55> is
   incomplete. The signal does not drive any load pins in the design.
WARNING:PhysDesignRules:367 - The signal <call_SDRAM/inst_LPM_MUX3_19_f563> is
   incomplete. The signal does not drive any load pins in the design.
WARNING:PhysDesignRules:367 - The signal <call_SDRAM/inst_LPM_MUX3_19_f547> is
   incomplete. The signal does not drive any load pins in the design.
WARNING:PhysDesignRules:367 - The signal <call_SDRAM/inst_LPM_MUX3_19_f564> is
   incomplete. The signal does not drive any load pins in the design.
WARNING:PhysDesignRules:367 - The signal <call_SDRAM/inst_LPM_MUX7_17_f57> is
   incomplete. The signal does not drive any load pins in the design.
WARNING:PhysDesignRules:367 - The signal <call_SDRAM/inst_LPM_MUX3_19_f557> is
   incomplete. The signal does not drive any load pins in the design.
WARNING:PhysDesignRules:367 - The signal <call_SDRAM/inst_LPM_MUX3_19_f549> is
   incomplete. The signal does not drive any load pins in the design.
WARNING:PhysDesignRules:367 - The signal <call_SDRAM/inst_LPM_MUX7_17_f58> is
   incomplete. The signal does not drive any load pins in the design.
WARNING:PhysDesignRules:367 - The signal <call_SDRAM/inst_LPM_MUX3_19_f566> is
   incomplete. The signal does not drive any load pins in the design.
WARNING:PhysDesignRules:367 - The signal <call_SDRAM/inst_LPM_MUX3_19_f550> is
   incomplete. The signal does not drive any load pins in the design.
WARNING:PhysDesignRules:367 - The signal <call_SDRAM/inst_LPM_MUX7_17_f59> is
   incomplete. The signal does not drive any load pins in the design.
WARNING:PhysDesignRules:367 - The signal <call_SDRAM/inst_LPM_MUX3_19_f567> is
   incomplete. The signal does not drive any load pins in the design.
WARNING:PhysDesignRules:367 - The signal <call_SDRAM/inst_LPM_MUX3_19_f559> is
   incomplete. The signal does not drive any load pins in the design.
WARNING:PhysDesignRules:367 - The signal <call_SDRAM/inst_LPM_MUX3_19_f568> is
   incomplete. The signal does not drive any load pins in the design.
WARNING:PhysDesignRules:367 - The signal <call_SDRAM/inst_LPM_MUX3_19_f560> is
   incomplete. The signal does not drive any load pins in the design.
WARNING:PhysDesignRules:367 - The signal <call_SDRAM/inst_LPM_MUX3_19_f569> is
   incomplete. The signal does not drive any load pins in the design.
WARNING:PhysDesignRules:367 - The signal <call_SDRAM/inst_LPM_MUX7_18_f53> is
   incomplete. The signal does not drive any load pins in the design.
WARNING:PhysDesignRules:367 - The signal <call_SDRAM/inst_LPM_MUX7_18_f56> is
   incomplete. The signal does not drive any load pins in the design.
WARNING:PhysDesignRules:367 - The signal <call_SDRAM/inst_LPM_MUX7_18_f58> is
   incomplete. The signal does not drive any load pins in the design.
WARNING:PhysDesignRules:367 - The signal <call_SDRAM/inst_LPM_MUX7_18_f59> is
   incomplete. The signal does not drive any load pins in the design.
WARNING:PhysDesignRules:367 - The signal <call_SDRAM/inst_LPM_MUX4_20_f514> is
   incomplete. The signal does not drive any load pins in the design.
WARNING:PhysDesignRules:367 - The signal <call_SDRAM/inst_LPM_MUX4_20_f532> is
   incomplete. The signal does not drive any load pins in the design.
WARNING:PhysDesignRules:367 - The signal <call_SDRAM/inst_LPM_MUX4_20_f525> is
   incomplete. The signal does not drive any load pins in the design.
WARNING:PhysDesignRules:367 - The signal <call_SDRAM/inst_LPM_MUX4_20_f517> is
   incomplete. The signal does not drive any load pins in the design.
WARNING:PhysDesignRules:367 - The signal <call_SDRAM/inst_LPM_MUX4_20_f542> is
   incomplete. The signal does not drive any load pins in the design.
WARNING:PhysDesignRules:367 - The signal <call_SDRAM/inst_LPM_MUX4_20_f534> is
   incomplete. The signal does not drive any load pins in the design.
WARNING:PhysDesignRules:367 - The signal <call_SDRAM/inst_LPM_MUX4_20_f551> is
   incomplete. The signal does not drive any load pins in the design.
WARNING:PhysDesignRules:367 - The signal <call_SDRAM/inst_LPM_MUX4_20_f535> is
   incomplete. The signal does not drive any load pins in the design.
WARNING:PhysDesignRules:367 - The signal <call_SDRAM/inst_LPM_MUX4_20_f519> is
   incomplete. The signal does not drive any load pins in the design.
WARNING:PhysDesignRules:367 - The signal <call_SDRAM/inst_LPM_MUX4_20_f544> is
   incomplete. The signal does not drive any load pins in the design.
WARNING:PhysDesignRules:367 - The signal <call_SDRAM/inst_LPM_MUX4_20_f520> is
   incomplete. The signal does not drive any load pins in the design.
WARNING:PhysDesignRules:367 - The signal <call_SDRAM/inst_LPM_MUX4_20_f553> is
   incomplete. The signal does not drive any load pins in the design.
WARNING:PhysDesignRules:367 - The signal <call_SDRAM/inst_LPM_MUX4_20_f545> is
   incomplete. The signal does not drive any load pins in the design.
WARNING:PhysDesignRules:367 - The signal <call_SDRAM/inst_LPM_MUX4_20_f529> is
   incomplete. The signal does not drive any load pins in the design.
WARNING:PhysDesignRules:367 - The signal <call_SDRAM/inst_LPM_MUX7_19_f54> is
   incomplete. The signal does not drive any load pins in the design.
WARNING:PhysDesignRules:367 - The signal <call_SDRAM/inst_LPM_MUX4_20_f554> is
   incomplete. The signal does not drive any load pins in the design.
WARNING:PhysDesignRules:367 - The signal <call_SDRAM/inst_LPM_MUX4_20_f555> is
   incomplete. The signal does not drive any load pins in the design.
WARNING:PhysDesignRules:367 - The signal <call_SDRAM/inst_LPM_MUX4_20_f539> is
   incomplete. The signal does not drive any load pins in the design.
WARNING:PhysDesignRules:367 - The signal <call_SDRAM/inst_LPM_MUX4_20_f548> is
   incomplete. The signal does not drive any load pins in the design.
WARNING:PhysDesignRules:367 - The signal <call_SDRAM/inst_LPM_MUX7_19_f58> is
   incomplete. The signal does not drive any load pins in the design.
WARNING:PhysDesignRules:367 - The signal <call_SDRAM/inst_LPM_MUX4_20_f550> is
   incomplete. The signal does not drive any load pins in the design.
WARNING:PhysDesignRules:367 - The signal <call_SDRAM/inst_LPM_MUX4_21_f512> is
   incomplete. The signal does not drive any load pins in the design.
WARNING:PhysDesignRules:367 - The signal <call_SDRAM/inst_LPM_MUX4_21_f521> is
   incomplete. The signal does not drive any load pins in the design.
WARNING:PhysDesignRules:367 - The signal <call_SDRAM/inst_LPM_MUX4_21_f524> is
   incomplete. The signal does not drive any load pins in the design.
WARNING:PhysDesignRules:367 - The signal <call_SDRAM/inst_LPM_MUX4_21_f517> is
   incomplete. The signal does not drive any load pins in the design.
WARNING:PhysDesignRules:367 - The signal <call_SDRAM/inst_LPM_MUX4_21_f526> is
   incomplete. The signal does not drive any load pins in the design.
WARNING:PhysDesignRules:367 - The signal <call_SDRAM/inst_LPM_MUX4_21_f527> is
   incomplete. The signal does not drive any load pins in the design.
WARNING:PhysDesignRules:367 - The signal <call_SDRAM/inst_LPM_MUX4_17_f511> is
   incomplete. The signal does not drive any load pins in the design.
WARNING:PhysDesignRules:367 - The signal <call_SDRAM/inst_LPM_MUX4_17_f512> is
   incomplete. The signal does not drive any load pins in the design.
WARNING:PhysDesignRules:367 - The signal <call_SDRAM/inst_LPM_MUX4_17_f513> is
   incomplete. The signal does not drive any load pins in the design.
WARNING:PhysDesignRules:367 - The signal <call_SDRAM/inst_LPM_MUX4_17_f522> is
   incomplete. The signal does not drive any load pins in the design.
WARNING:PhysDesignRules:367 - The signal <call_SDRAM/inst_LPM_MUX4_17_f514> is
   incomplete. The signal does not drive any load pins in the design.
WARNING:PhysDesignRules:367 - The signal <call_SDRAM/inst_LPM_MUX4_17_f523> is
   incomplete. The signal does not drive any load pins in the design.
WARNING:PhysDesignRules:367 - The signal <call_SDRAM/inst_LPM_MUX4_17_f524> is
   incomplete. The signal does not drive any load pins in the design.
WARNING:PhysDesignRules:367 - The signal <call_SDRAM/inst_LPM_MUX4_17_f516> is
   incomplete. The signal does not drive any load pins in the design.
WARNING:PhysDesignRules:367 - The signal <call_SDRAM/inst_LPM_MUX4_17_f525> is
   incomplete. The signal does not drive any load pins in the design.
WARNING:PhysDesignRules:367 - The signal <call_SDRAM/inst_LPM_MUX4_17_f517> is
   incomplete. The signal does not drive any load pins in the design.
WARNING:PhysDesignRules:367 - The signal <call_SDRAM/inst_LPM_MUX4_17_f526> is
   incomplete. The signal does not drive any load pins in the design.
WARNING:PhysDesignRules:367 - The signal <call_SDRAM/inst_LPM_MUX4_17_f518> is
   incomplete. The signal does not drive any load pins in the design.
WARNING:PhysDesignRules:367 - The signal <call_SDRAM/inst_LPM_MUX4_17_f527> is
   incomplete. The signal does not drive any load pins in the design.
WARNING:PhysDesignRules:367 - The signal <call_SDRAM/inst_LPM_MUX4_17_f519> is
   incomplete. The signal does not drive any load pins in the design.
WARNING:PhysDesignRules:367 - The signal <call_SDRAM/inst_LPM_MUX4_17_f520> is
   incomplete. The signal does not drive any load pins in the design.
WARNING:PhysDesignRules:367 - The signal <call_SDRAM/inst_LPM_MUX4_18_f512> is
   incomplete. The signal does not drive any load pins in the design.
WARNING:PhysDesignRules:367 - The signal <call_SDRAM/inst_LPM_MUX4_18_f522> is
   incomplete. The signal does not drive any load pins in the design.
WARNING:PhysDesignRules:367 - The signal <call_SDRAM/inst_LPM_MUX4_18_f514> is
   incomplete. The signal does not drive any load pins in the design.
WARNING:PhysDesignRules:367 - The signal <call_SDRAM/inst_LPM_MUX4_18_f531> is
   incomplete. The signal does not drive any load pins in the design.
WARNING:PhysDesignRules:367 - The signal <call_SDRAM/inst_LPM_MUX4_18_f515> is
   incomplete. The signal does not drive any load pins in the design.
WARNING:PhysDesignRules:367 - The signal <call_SDRAM/inst_LPM_MUX4_18_f532> is
   incomplete. The signal does not drive any load pins in the design.
WARNING:PhysDesignRules:367 - The signal <call_SDRAM/inst_LPM_MUX4_18_f524> is
   incomplete. The signal does not drive any load pins in the design.
WARNING:PhysDesignRules:367 - The signal <call_SDRAM/inst_LPM_MUX4_18_f533> is
   incomplete. The signal does not drive any load pins in the design.
WARNING:PhysDesignRules:367 - The signal <call_SDRAM/inst_LPM_MUX4_18_f525> is
   incomplete. The signal does not drive any load pins in the design.
WARNING:PhysDesignRules:367 - The signal <call_SDRAM/inst_LPM_MUX4_18_f517> is
   incomplete. The signal does not drive any load pins in the design.
WARNING:PhysDesignRules:367 - The signal <call_SDRAM/inst_LPM_MUX4_18_f542> is
   incomplete. The signal does not drive any load pins in the design.
WARNING:PhysDesignRules:367 - The signal <call_SDRAM/inst_LPM_MUX4_18_f534> is
   incomplete. The signal does not drive any load pins in the design.
WARNING:PhysDesignRules:367 - The signal <call_SDRAM/inst_LPM_MUX4_18_f518> is
   incomplete. The signal does not drive any load pins in the design.
WARNING:PhysDesignRules:367 - The signal <call_SDRAM/inst_LPM_MUX4_18_f551> is
   incomplete. The signal does not drive any load pins in the design.
WARNING:PhysDesignRules:367 - The signal <call_SDRAM/inst_LPM_MUX4_18_f543> is
   incomplete. The signal does not drive any load pins in the design.
WARNING:PhysDesignRules:367 - The signal <call_SDRAM/inst_LPM_MUX4_18_f527> is
   incomplete. The signal does not drive any load pins in the design.
WARNING:PhysDesignRules:367 - The signal <call_SDRAM/inst_LPM_MUX4_18_f519> is
   incomplete. The signal does not drive any load pins in the design.
WARNING:PhysDesignRules:367 - The signal <call_SDRAM/inst_LPM_MUX4_18_f552> is
   incomplete. The signal does not drive any load pins in the design.
WARNING:PhysDesignRules:367 - The signal <call_SDRAM/inst_LPM_MUX4_18_f544> is
   incomplete. The signal does not drive any load pins in the design.
WARNING:PhysDesignRules:367 - The signal <call_SDRAM/inst_LPM_MUX4_18_f528> is
   incomplete. The signal does not drive any load pins in the design.
WARNING:PhysDesignRules:367 - The signal <call_SDRAM/inst_LPM_MUX4_18_f553> is
   incomplete. The signal does not drive any load pins in the design.
WARNING:PhysDesignRules:367 - The signal <call_SDRAM/inst_LPM_MUX4_18_f537> is
   incomplete. The signal does not drive any load pins in the design.
WARNING:PhysDesignRules:367 - The signal <call_SDRAM/inst_LPM_MUX4_18_f529> is
   incomplete. The signal does not drive any load pins in the design.
WARNING:PhysDesignRules:367 - The signal <call_SDRAM/inst_LPM_MUX4_18_f554> is
   incomplete. The signal does not drive any load pins in the design.
WARNING:PhysDesignRules:367 - The signal <call_SDRAM/inst_LPM_MUX4_18_f546> is
   incomplete. The signal does not drive any load pins in the design.
WARNING:PhysDesignRules:367 - The signal <call_SDRAM/inst_LPM_MUX4_18_f555> is
   incomplete. The signal does not drive any load pins in the design.
WARNING:PhysDesignRules:367 - The signal <call_SDRAM/inst_LPM_MUX4_18_f547> is
   incomplete. The signal does not drive any load pins in the design.
WARNING:PhysDesignRules:367 - The signal <call_SDRAM/inst_LPM_MUX4_18_f539> is
   incomplete. The signal does not drive any load pins in the design.
WARNING:PhysDesignRules:367 - The signal <call_SDRAM/inst_LPM_MUX4_18_f548> is
   incomplete. The signal does not drive any load pins in the design.
WARNING:PhysDesignRules:367 - The signal <call_SDRAM/inst_LPM_MUX4_18_f540> is
   incomplete. The signal does not drive any load pins in the design.
WARNING:PhysDesignRules:367 - The signal <call_SDRAM/inst_LPM_MUX4_18_f549> is
   incomplete. The signal does not drive any load pins in the design.
WARNING:PhysDesignRules:367 - The signal <call_SDRAM/inst_LPM_MUX4_19_f511> is
   incomplete. The signal does not drive any load pins in the design.
WARNING:PhysDesignRules:367 - The signal <call_SDRAM/inst_LPM_MUX4_19_f521> is
   incomplete. The signal does not drive any load pins in the design.
WARNING:PhysDesignRules:367 - The signal <call_SDRAM/inst_LPM_MUX4_19_f513> is
   incomplete. The signal does not drive any load pins in the design.
WARNING:PhysDesignRules:367 - The signal <call_SDRAM/inst_LPM_MUX4_19_f514> is
   incomplete. The signal does not drive any load pins in the design.
WARNING:PhysDesignRules:367 - The signal <call_SDRAM/inst_LPM_MUX4_19_f523> is
   incomplete. The signal does not drive any load pins in the design.
WARNING:PhysDesignRules:367 - The signal <call_SDRAM/inst_LPM_MUX4_19_f532> is
   incomplete. The signal does not drive any load pins in the design.
WARNING:PhysDesignRules:367 - The signal <call_SDRAM/inst_LPM_MUX4_19_f524> is
   incomplete. The signal does not drive any load pins in the design.
WARNING:PhysDesignRules:367 - The signal <call_SDRAM/inst_LPM_MUX4_19_f541> is
   incomplete. The signal does not drive any load pins in the design.
WARNING:PhysDesignRules:367 - The signal <call_SDRAM/inst_LPM_MUX4_19_f533> is
   incomplete. The signal does not drive any load pins in the design.
WARNING:PhysDesignRules:367 - The signal <call_SDRAM/inst_LPM_MUX4_19_f534> is
   incomplete. The signal does not drive any load pins in the design.
WARNING:PhysDesignRules:367 - The signal <call_SDRAM/inst_LPM_MUX4_19_f518> is
   incomplete. The signal does not drive any load pins in the design.
WARNING:PhysDesignRules:367 - The signal <call_SDRAM/inst_LPM_MUX4_19_f543> is
   incomplete. The signal does not drive any load pins in the design.
WARNING:PhysDesignRules:367 - The signal <call_SDRAM/inst_LPM_MUX4_19_f527> is
   incomplete. The signal does not drive any load pins in the design.
WARNING:PhysDesignRules:367 - The signal <call_SDRAM/inst_LPM_MUX4_19_f552> is
   incomplete. The signal does not drive any load pins in the design.
WARNING:PhysDesignRules:367 - The signal <call_SDRAM/inst_LPM_MUX4_19_f544> is
   incomplete. The signal does not drive any load pins in the design.
WARNING:PhysDesignRules:367 - The signal <call_SDRAM/inst_LPM_MUX4_19_f553> is
   incomplete. The signal does not drive any load pins in the design.
WARNING:PhysDesignRules:367 - The signal <call_SDRAM/inst_LPM_MUX4_19_f529> is
   incomplete. The signal does not drive any load pins in the design.
WARNING:PhysDesignRules:367 - The signal <call_SDRAM/inst_LPM_MUX4_19_f562> is
   incomplete. The signal does not drive any load pins in the design.
WARNING:PhysDesignRules:367 - The signal <call_SDRAM/inst_LPM_MUX4_19_f554> is
   incomplete. The signal does not drive any load pins in the design.
WARNING:PhysDesignRules:367 - The signal <call_SDRAM/inst_LPM_MUX4_19_f538> is
   incomplete. The signal does not drive any load pins in the design.
WARNING:PhysDesignRules:367 - The signal <call_SDRAM/inst_LPM_MUX4_19_f530> is
   incomplete. The signal does not drive any load pins in the design.
WARNING:PhysDesignRules:367 - The signal <call_SDRAM/inst_LPM_MUX4_19_f563> is
   incomplete. The signal does not drive any load pins in the design.
WARNING:PhysDesignRules:367 - The signal <call_SDRAM/inst_LPM_MUX4_19_f547> is
   incomplete. The signal does not drive any load pins in the design.
WARNING:PhysDesignRules:367 - The signal <call_SDRAM/inst_LPM_MUX4_19_f564> is
   incomplete. The signal does not drive any load pins in the design.
WARNING:PhysDesignRules:367 - The signal <call_SDRAM/inst_LPM_MUX4_19_f557> is
   incomplete. The signal does not drive any load pins in the design.
WARNING:PhysDesignRules:367 - The signal <call_SDRAM/inst_LPM_MUX4_19_f549> is
   incomplete. The signal does not drive any load pins in the design.
WARNING:PhysDesignRules:367 - The signal <call_SDRAM/inst_LPM_MUX4_19_f566> is
   incomplete. The signal does not drive any load pins in the design.
WARNING:PhysDesignRules:367 - The signal <call_SDRAM/inst_LPM_MUX4_19_f550> is
   incomplete. The signal does not drive any load pins in the design.
WARNING:PhysDesignRules:367 - The signal <call_SDRAM/inst_LPM_MUX4_19_f567> is
   incomplete. The signal does not drive any load pins in the design.
WARNING:PhysDesignRules:367 - The signal <call_SDRAM/inst_LPM_MUX4_19_f559> is
   incomplete. The signal does not drive any load pins in the design.
WARNING:PhysDesignRules:367 - The signal <call_SDRAM/inst_LPM_MUX4_19_f568> is
   incomplete. The signal does not drive any load pins in the design.
WARNING:PhysDesignRules:367 - The signal <call_SDRAM/inst_LPM_MUX4_19_f560> is
   incomplete. The signal does not drive any load pins in the design.
WARNING:PhysDesignRules:367 - The signal <call_SDRAM/inst_LPM_MUX4_19_f569> is
   incomplete. The signal does not drive any load pins in the design.
WARNING:PhysDesignRules:367 - The signal <call_SDRAM/inst_LPM_MUX5_20_f514> is
   incomplete. The signal does not drive any load pins in the design.
WARNING:PhysDesignRules:367 - The signal <call_SDRAM/inst_LPM_MUX5_20_f532> is
   incomplete. The signal does not drive any load pins in the design.
WARNING:PhysDesignRules:367 - The signal <call_SDRAM/inst_LPM_MUX5_20_f525> is
   incomplete. The signal does not drive any load pins in the design.
WARNING:PhysDesignRules:367 - The signal <call_SDRAM/inst_LPM_MUX5_20_f517> is
   incomplete. The signal does not drive any load pins in the design.
WARNING:PhysDesignRules:367 - The signal <call_SDRAM/inst_LPM_MUX5_20_f542> is
   incomplete. The signal does not drive any load pins in the design.
WARNING:PhysDesignRules:367 - The signal <call_SDRAM/inst_LPM_MUX5_20_f534> is
   incomplete. The signal does not drive any load pins in the design.
WARNING:PhysDesignRules:367 - The signal <call_SDRAM/inst_LPM_MUX5_20_f551> is
   incomplete. The signal does not drive any load pins in the design.
WARNING:PhysDesignRules:367 - The signal <call_SDRAM/inst_LPM_MUX5_20_f535> is
   incomplete. The signal does not drive any load pins in the design.
WARNING:PhysDesignRules:367 - The signal <call_SDRAM/inst_LPM_MUX5_20_f519> is
   incomplete. The signal does not drive any load pins in the design.
WARNING:PhysDesignRules:367 - The signal <call_SDRAM/inst_LPM_MUX5_20_f544> is
   incomplete. The signal does not drive any load pins in the design.
WARNING:PhysDesignRules:367 - The signal <call_SDRAM/inst_LPM_MUX5_20_f520> is
   incomplete. The signal does not drive any load pins in the design.
WARNING:PhysDesignRules:367 - The signal <call_SDRAM/inst_LPM_MUX5_20_f553> is
   incomplete. The signal does not drive any load pins in the design.
WARNING:PhysDesignRules:367 - The signal <call_SDRAM/inst_LPM_MUX5_20_f545> is
   incomplete. The signal does not drive any load pins in the design.
WARNING:PhysDesignRules:367 - The signal <call_SDRAM/inst_LPM_MUX5_20_f529> is
   incomplete. The signal does not drive any load pins in the design.
WARNING:PhysDesignRules:367 - The signal <call_SDRAM/inst_LPM_MUX5_20_f554> is
   incomplete. The signal does not drive any load pins in the design.
WARNING:PhysDesignRules:367 - The signal <call_SDRAM/inst_LPM_MUX5_20_f555> is
   incomplete. The signal does not drive any load pins in the design.
WARNING:PhysDesignRules:367 - The signal <call_SDRAM/inst_LPM_MUX5_20_f539> is
   incomplete. The signal does not drive any load pins in the design.
WARNING:PhysDesignRules:367 - The signal <call_SDRAM/inst_LPM_MUX5_20_f548> is
   incomplete. The signal does not drive any load pins in the design.
WARNING:PhysDesignRules:367 - The signal <call_SDRAM/inst_LPM_MUX5_20_f550> is
   incomplete. The signal does not drive any load pins in the design.
WARNING:PhysDesignRules:367 - The signal <call_SDRAM/inst_LPM_MUX5_21_f512> is
   incomplete. The signal does not drive any load pins in the design.
WARNING:PhysDesignRules:367 - The signal <call_SDRAM/inst_LPM_MUX5_21_f521> is
   incomplete. The signal does not drive any load pins in the design.
WARNING:PhysDesignRules:367 - The signal <call_SDRAM/inst_LPM_MUX5_21_f524> is
   incomplete. The signal does not drive any load pins in the design.
WARNING:PhysDesignRules:367 - The signal <call_SDRAM/inst_LPM_MUX5_21_f517> is
   incomplete. The signal does not drive any load pins in the design.
WARNING:PhysDesignRules:367 - The signal <call_SDRAM/inst_LPM_MUX5_21_f526> is
   incomplete. The signal does not drive any load pins in the design.
WARNING:PhysDesignRules:367 - The signal <call_SDRAM/inst_LPM_MUX5_21_f527> is
   incomplete. The signal does not drive any load pins in the design.
WARNING:PhysDesignRules:367 - The signal <call_SDRAM/inst_LPM_MUX5_17_f511> is
   incomplete. The signal does not drive any load pins in the design.
WARNING:PhysDesignRules:367 - The signal <call_SDRAM/inst_LPM_MUX5_17_f512> is
   incomplete. The signal does not drive any load pins in the design.
WARNING:PhysDesignRules:367 - The signal <call_SDRAM/inst_LPM_MUX5_17_f513> is
   incomplete. The signal does not drive any load pins in the design.
WARNING:PhysDesignRules:367 - The signal <call_SDRAM/inst_LPM_MUX5_17_f522> is
   incomplete. The signal does not drive any load pins in the design.
WARNING:PhysDesignRules:367 - The signal <call_SDRAM/inst_LPM_MUX5_17_f514> is
   incomplete. The signal does not drive any load pins in the design.
WARNING:PhysDesignRules:367 - The signal <call_SDRAM/inst_LPM_MUX5_17_f523> is
   incomplete. The signal does not drive any load pins in the design.
WARNING:PhysDesignRules:367 - The signal <call_SDRAM/inst_LPM_MUX5_17_f524> is
   incomplete. The signal does not drive any load pins in the design.
WARNING:PhysDesignRules:367 - The signal <call_SDRAM/inst_LPM_MUX5_17_f516> is
   incomplete. The signal does not drive any load pins in the design.
WARNING:PhysDesignRules:367 - The signal <call_SDRAM/inst_LPM_MUX5_17_f525> is
   incomplete. The signal does not drive any load pins in the design.
WARNING:PhysDesignRules:367 - The signal <call_SDRAM/inst_LPM_MUX5_17_f517> is
   incomplete. The signal does not drive any load pins in the design.
WARNING:PhysDesignRules:367 - The signal <call_SDRAM/inst_LPM_MUX5_17_f526> is
   incomplete. The signal does not drive any load pins in the design.
WARNING:PhysDesignRules:367 - The signal <call_SDRAM/inst_LPM_MUX5_17_f518> is
   incomplete. The signal does not drive any load pins in the design.
WARNING:PhysDesignRules:367 - The signal <call_SDRAM/inst_LPM_MUX5_17_f527> is
   incomplete. The signal does not drive any load pins in the design.
WARNING:PhysDesignRules:367 - The signal <call_SDRAM/inst_LPM_MUX5_17_f519> is
   incomplete. The signal does not drive any load pins in the design.
WARNING:PhysDesignRules:367 - The signal <call_SDRAM/inst_LPM_MUX5_17_f520> is
   incomplete. The signal does not drive any load pins in the design.
WARNING:PhysDesignRules:367 - The signal <call_SDRAM/inst_LPM_MUX5_18_f512> is
   incomplete. The signal does not drive any load pins in the design.
WARNING:PhysDesignRules:367 - The signal <call_SDRAM/inst_LPM_MUX5_18_f522> is
   incomplete. The signal does not drive any load pins in the design.
WARNING:PhysDesignRules:367 - The signal <call_SDRAM/inst_LPM_MUX5_18_f514> is
   incomplete. The signal does not drive any load pins in the design.
WARNING:PhysDesignRules:367 - The signal <call_SDRAM/inst_LPM_MUX5_18_f531> is
   incomplete. The signal does not drive any load pins in the design.
WARNING:PhysDesignRules:367 - The signal <call_SDRAM/inst_LPM_MUX5_18_f515> is
   incomplete. The signal does not drive any load pins in the design.
WARNING:PhysDesignRules:367 - The signal <call_SDRAM/inst_LPM_MUX5_18_f532> is
   incomplete. The signal does not drive any load pins in the design.
WARNING:PhysDesignRules:367 - The signal <call_SDRAM/inst_LPM_MUX5_18_f524> is
   incomplete. The signal does not drive any load pins in the design.
WARNING:PhysDesignRules:367 - The signal <call_SDRAM/inst_LPM_MUX5_18_f533> is
   incomplete. The signal does not drive any load pins in the design.
WARNING:PhysDesignRules:367 - The signal <call_SDRAM/inst_LPM_MUX5_18_f525> is
   incomplete. The signal does not drive any load pins in the design.
WARNING:PhysDesignRules:367 - The signal <call_SDRAM/inst_LPM_MUX5_18_f517> is
   incomplete. The signal does not drive any load pins in the design.
WARNING:PhysDesignRules:367 - The signal <call_SDRAM/inst_LPM_MUX5_18_f542> is
   incomplete. The signal does not drive any load pins in the design.
WARNING:PhysDesignRules:367 - The signal <call_SDRAM/inst_LPM_MUX5_18_f534> is
   incomplete. The signal does not drive any load pins in the design.
WARNING:PhysDesignRules:367 - The signal <call_SDRAM/inst_LPM_MUX5_18_f518> is
   incomplete. The signal does not drive any load pins in the design.
WARNING:PhysDesignRules:367 - The signal <call_SDRAM/inst_LPM_MUX5_18_f551> is
   incomplete. The signal does not drive any load pins in the design.
WARNING:PhysDesignRules:367 - The signal <call_SDRAM/inst_LPM_MUX5_18_f543> is
   incomplete. The signal does not drive any load pins in the design.
WARNING:PhysDesignRules:367 - The signal <call_SDRAM/inst_LPM_MUX5_18_f527> is
   incomplete. The signal does not drive any load pins in the design.
WARNING:PhysDesignRules:367 - The signal <call_SDRAM/inst_LPM_MUX5_18_f519> is
   incomplete. The signal does not drive any load pins in the design.
WARNING:PhysDesignRules:367 - The signal <call_SDRAM/inst_LPM_MUX5_18_f552> is
   incomplete. The signal does not drive any load pins in the design.
WARNING:PhysDesignRules:367 - The signal <call_SDRAM/inst_LPM_MUX5_18_f544> is
   incomplete. The signal does not drive any load pins in the design.
WARNING:PhysDesignRules:367 - The signal <call_SDRAM/inst_LPM_MUX5_18_f528> is
   incomplete. The signal does not drive any load pins in the design.
WARNING:PhysDesignRules:367 - The signal <call_SDRAM/inst_LPM_MUX5_18_f553> is
   incomplete. The signal does not drive any load pins in the design.
WARNING:PhysDesignRules:367 - The signal <call_SDRAM/inst_LPM_MUX5_18_f537> is
   incomplete. The signal does not drive any load pins in the design.
WARNING:PhysDesignRules:367 - The signal <call_SDRAM/inst_LPM_MUX5_18_f529> is
   incomplete. The signal does not drive any load pins in the design.
WARNING:PhysDesignRules:367 - The signal <call_SDRAM/inst_LPM_MUX5_18_f554> is
   incomplete. The signal does not drive any load pins in the design.
WARNING:PhysDesignRules:367 - The signal <call_SDRAM/inst_LPM_MUX5_18_f546> is
   incomplete. The signal does not drive any load pins in the design.
WARNING:PhysDesignRules:367 - The signal <call_SDRAM/inst_LPM_MUX5_18_f555> is
   incomplete. The signal does not drive any load pins in the design.
WARNING:PhysDesignRules:367 - The signal <call_SDRAM/inst_LPM_MUX5_18_f547> is
   incomplete. The signal does not drive any load pins in the design.
WARNING:PhysDesignRules:367 - The signal <call_SDRAM/inst_LPM_MUX5_18_f539> is
   incomplete. The signal does not drive any load pins in the design.
WARNING:PhysDesignRules:367 - The signal <call_SDRAM/inst_LPM_MUX5_18_f548> is
   incomplete. The signal does not drive any load pins in the design.
WARNING:PhysDesignRules:367 - The signal <call_SDRAM/inst_LPM_MUX5_18_f540> is
   incomplete. The signal does not drive any load pins in the design.
WARNING:PhysDesignRules:367 - The signal <call_SDRAM/inst_LPM_MUX5_18_f549> is
   incomplete. The signal does not drive any load pins in the design.
WARNING:PhysDesignRules:367 - The signal <call_SDRAM/inst_LPM_MUX5_19_f511> is
   incomplete. The signal does not drive any load pins in the design.
WARNING:PhysDesignRules:367 - The signal <call_SDRAM/inst_LPM_MUX5_19_f521> is
   incomplete. The signal does not drive any load pins in the design.
WARNING:PhysDesignRules:367 - The signal <call_SDRAM/inst_LPM_MUX5_19_f513> is
   incomplete. The signal does not drive any load pins in the design.
WARNING:PhysDesignRules:367 - The signal <call_SDRAM/inst_LPM_MUX5_19_f514> is
   incomplete. The signal does not drive any load pins in the design.
WARNING:PhysDesignRules:367 - The signal <call_SDRAM/inst_LPM_MUX5_19_f523> is
   incomplete. The signal does not drive any load pins in the design.
WARNING:PhysDesignRules:367 - The signal <call_SDRAM/inst_LPM_MUX5_19_f532> is
   incomplete. The signal does not drive any load pins in the design.
WARNING:PhysDesignRules:367 - The signal <call_SDRAM/inst_LPM_MUX5_19_f524> is
   incomplete. The signal does not drive any load pins in the design.
WARNING:PhysDesignRules:367 - The signal <call_SDRAM/inst_LPM_MUX5_19_f541> is
   incomplete. The signal does not drive any load pins in the design.
WARNING:PhysDesignRules:367 - The signal <call_SDRAM/inst_LPM_MUX5_19_f533> is
   incomplete. The signal does not drive any load pins in the design.
WARNING:PhysDesignRules:367 - The signal <call_SDRAM/inst_LPM_MUX5_19_f534> is
   incomplete. The signal does not drive any load pins in the design.
WARNING:PhysDesignRules:367 - The signal <call_SDRAM/inst_LPM_MUX5_19_f518> is
   incomplete. The signal does not drive any load pins in the design.
WARNING:PhysDesignRules:367 - The signal <call_SDRAM/inst_LPM_MUX5_19_f543> is
   incomplete. The signal does not drive any load pins in the design.
WARNING:PhysDesignRules:367 - The signal <call_SDRAM/inst_LPM_MUX5_19_f527> is
   incomplete. The signal does not drive any load pins in the design.
WARNING:PhysDesignRules:367 - The signal <call_SDRAM/inst_LPM_MUX5_19_f552> is
   incomplete. The signal does not drive any load pins in the design.
WARNING:PhysDesignRules:367 - The signal <call_SDRAM/inst_LPM_MUX5_19_f544> is
   incomplete. The signal does not drive any load pins in the design.
WARNING:PhysDesignRules:367 - The signal <call_SDRAM/inst_LPM_MUX5_19_f553> is
   incomplete. The signal does not drive any load pins in the design.
WARNING:PhysDesignRules:367 - The signal <call_SDRAM/inst_LPM_MUX5_19_f529> is
   incomplete. The signal does not drive any load pins in the design.
WARNING:PhysDesignRules:367 - The signal <call_SDRAM/inst_LPM_MUX5_19_f562> is
   incomplete. The signal does not drive any load pins in the design.
WARNING:PhysDesignRules:367 - The signal <call_SDRAM/inst_LPM_MUX5_19_f554> is
   incomplete. The signal does not drive any load pins in the design.
WARNING:PhysDesignRules:367 - The signal <call_SDRAM/inst_LPM_MUX5_19_f538> is
   incomplete. The signal does not drive any load pins in the design.
WARNING:PhysDesignRules:367 - The signal <call_SDRAM/inst_LPM_MUX5_19_f530> is
   incomplete. The signal does not drive any load pins in the design.
WARNING:PhysDesignRules:367 - The signal <call_SDRAM/inst_LPM_MUX5_19_f563> is
   incomplete. The signal does not drive any load pins in the design.
WARNING:PhysDesignRules:367 - The signal <call_SDRAM/inst_LPM_MUX5_19_f547> is
   incomplete. The signal does not drive any load pins in the design.
WARNING:PhysDesignRules:367 - The signal <call_SDRAM/inst_LPM_MUX5_19_f564> is
   incomplete. The signal does not drive any load pins in the design.
WARNING:PhysDesignRules:367 - The signal <call_SDRAM/inst_LPM_MUX5_19_f557> is
   incomplete. The signal does not drive any load pins in the design.
WARNING:PhysDesignRules:367 - The signal <call_SDRAM/inst_LPM_MUX5_19_f549> is
   incomplete. The signal does not drive any load pins in the design.
WARNING:PhysDesignRules:367 - The signal <call_SDRAM/inst_LPM_MUX5_19_f566> is
   incomplete. The signal does not drive any load pins in the design.
WARNING:PhysDesignRules:367 - The signal <call_SDRAM/inst_LPM_MUX5_19_f550> is
   incomplete. The signal does not drive any load pins in the design.
WARNING:PhysDesignRules:367 - The signal <call_SDRAM/inst_LPM_MUX5_19_f567> is
   incomplete. The signal does not drive any load pins in the design.
WARNING:PhysDesignRules:367 - The signal <call_SDRAM/inst_LPM_MUX5_19_f559> is
   incomplete. The signal does not drive any load pins in the design.
WARNING:PhysDesignRules:367 - The signal <call_SDRAM/inst_LPM_MUX5_19_f568> is
   incomplete. The signal does not drive any load pins in the design.
WARNING:PhysDesignRules:367 - The signal <call_SDRAM/inst_LPM_MUX5_19_f560> is
   incomplete. The signal does not drive any load pins in the design.
WARNING:PhysDesignRules:367 - The signal <call_SDRAM/inst_LPM_MUX5_19_f569> is
   incomplete. The signal does not drive any load pins in the design.
WARNING:PhysDesignRules:367 - The signal <call_SDRAM/inst_LPM_MUX6_20_f514> is
   incomplete. The signal does not drive any load pins in the design.
WARNING:PhysDesignRules:367 - The signal <call_SDRAM/inst_LPM_MUX6_20_f532> is
   incomplete. The signal does not drive any load pins in the design.
WARNING:PhysDesignRules:367 - The signal <call_SDRAM/inst_LPM_MUX6_20_f525> is
   incomplete. The signal does not drive any load pins in the design.
WARNING:PhysDesignRules:367 - The signal <call_SDRAM/inst_LPM_MUX6_20_f517> is
   incomplete. The signal does not drive any load pins in the design.
WARNING:PhysDesignRules:367 - The signal <call_SDRAM/inst_LPM_MUX6_20_f542> is
   incomplete. The signal does not drive any load pins in the design.
WARNING:PhysDesignRules:367 - The signal <call_SDRAM/inst_LPM_MUX6_20_f534> is
   incomplete. The signal does not drive any load pins in the design.
WARNING:PhysDesignRules:367 - The signal <call_SDRAM/inst_LPM_MUX6_20_f551> is
   incomplete. The signal does not drive any load pins in the design.
WARNING:PhysDesignRules:367 - The signal <call_SDRAM/inst_LPM_MUX6_20_f535> is
   incomplete. The signal does not drive any load pins in the design.
WARNING:PhysDesignRules:367 - The signal <call_SDRAM/inst_LPM_MUX6_20_f519> is
   incomplete. The signal does not drive any load pins in the design.
WARNING:PhysDesignRules:367 - The signal <call_SDRAM/inst_LPM_MUX6_20_f544> is
   incomplete. The signal does not drive any load pins in the design.
WARNING:PhysDesignRules:367 - The signal <call_SDRAM/inst_LPM_MUX6_20_f520> is
   incomplete. The signal does not drive any load pins in the design.
WARNING:PhysDesignRules:367 - The signal <call_SDRAM/inst_LPM_MUX6_20_f553> is
   incomplete. The signal does not drive any load pins in the design.
WARNING:PhysDesignRules:367 - The signal <call_SDRAM/inst_LPM_MUX6_20_f545> is
   incomplete. The signal does not drive any load pins in the design.
WARNING:PhysDesignRules:367 - The signal <call_SDRAM/inst_LPM_MUX6_20_f529> is
   incomplete. The signal does not drive any load pins in the design.
WARNING:PhysDesignRules:367 - The signal <call_SDRAM/inst_LPM_MUX6_20_f554> is
   incomplete. The signal does not drive any load pins in the design.
WARNING:PhysDesignRules:367 - The signal <call_SDRAM/inst_LPM_MUX6_20_f555> is
   incomplete. The signal does not drive any load pins in the design.
WARNING:PhysDesignRules:367 - The signal <call_SDRAM/inst_LPM_MUX6_20_f539> is
   incomplete. The signal does not drive any load pins in the design.
WARNING:PhysDesignRules:367 - The signal <call_SDRAM/inst_LPM_MUX6_20_f548> is
   incomplete. The signal does not drive any load pins in the design.
WARNING:PhysDesignRules:367 - The signal <call_SDRAM/inst_LPM_MUX6_20_f550> is
   incomplete. The signal does not drive any load pins in the design.
WARNING:PhysDesignRules:367 - The signal <call_SDRAM/inst_LPM_MUX6_21_f512> is
   incomplete. The signal does not drive any load pins in the design.
WARNING:PhysDesignRules:367 - The signal <call_SDRAM/inst_LPM_MUX6_21_f521> is
   incomplete. The signal does not drive any load pins in the design.
WARNING:PhysDesignRules:367 - The signal <call_SDRAM/inst_LPM_MUX6_21_f524> is
   incomplete. The signal does not drive any load pins in the design.
WARNING:PhysDesignRules:367 - The signal <call_SDRAM/inst_LPM_MUX6_21_f517> is
   incomplete. The signal does not drive any load pins in the design.
WARNING:PhysDesignRules:367 - The signal <call_SDRAM/inst_LPM_MUX6_21_f526> is
   incomplete. The signal does not drive any load pins in the design.
WARNING:PhysDesignRules:367 - The signal <call_SDRAM/inst_LPM_MUX6_21_f527> is
   incomplete. The signal does not drive any load pins in the design.
WARNING:PhysDesignRules:367 - The signal <call_SDRAM/inst_LPM_MUX_15_f5> is
   incomplete. The signal does not drive any load pins in the design.
WARNING:PhysDesignRules:367 - The signal <call_SDRAM/inst_LPM_MUX6_17_f511> is
   incomplete. The signal does not drive any load pins in the design.
WARNING:PhysDesignRules:367 - The signal <call_SDRAM/inst_LPM_MUX6_17_f512> is
   incomplete. The signal does not drive any load pins in the design.
WARNING:PhysDesignRules:367 - The signal <call_SDRAM/inst_LPM_MUX6_17_f513> is
   incomplete. The signal does not drive any load pins in the design.
WARNING:PhysDesignRules:367 - The signal <call_SDRAM/inst_LPM_MUX6_17_f522> is
   incomplete. The signal does not drive any load pins in the design.
WARNING:PhysDesignRules:367 - The signal <call_SDRAM/inst_LPM_MUX6_17_f514> is
   incomplete. The signal does not drive any load pins in the design.
WARNING:PhysDesignRules:367 - The signal <call_SDRAM/inst_LPM_MUX6_17_f523> is
   incomplete. The signal does not drive any load pins in the design.
WARNING:PhysDesignRules:367 - The signal <call_SDRAM/inst_LPM_MUX6_17_f524> is
   incomplete. The signal does not drive any load pins in the design.
WARNING:PhysDesignRules:367 - The signal <call_SDRAM/inst_LPM_MUX6_17_f516> is
   incomplete. The signal does not drive any load pins in the design.
WARNING:PhysDesignRules:367 - The signal <call_SDRAM/inst_LPM_MUX6_17_f525> is
   incomplete. The signal does not drive any load pins in the design.
WARNING:PhysDesignRules:367 - The signal <call_SDRAM/inst_LPM_MUX6_17_f517> is
   incomplete. The signal does not drive any load pins in the design.
WARNING:PhysDesignRules:367 - The signal <call_SDRAM/inst_LPM_MUX6_17_f526> is
   incomplete. The signal does not drive any load pins in the design.
WARNING:PhysDesignRules:367 - The signal <call_SDRAM/inst_LPM_MUX6_17_f518> is
   incomplete. The signal does not drive any load pins in the design.
WARNING:PhysDesignRules:367 - The signal <call_SDRAM/inst_LPM_MUX6_17_f527> is
   incomplete. The signal does not drive any load pins in the design.
WARNING:PhysDesignRules:367 - The signal <call_SDRAM/inst_LPM_MUX6_17_f519> is
   incomplete. The signal does not drive any load pins in the design.
WARNING:PhysDesignRules:367 - The signal <call_SDRAM/inst_LPM_MUX6_17_f520> is
   incomplete. The signal does not drive any load pins in the design.
WARNING:PhysDesignRules:367 - The signal <call_SDRAM/inst_LPM_MUX6_18_f512> is
   incomplete. The signal does not drive any load pins in the design.
WARNING:PhysDesignRules:367 - The signal <call_SDRAM/inst_LPM_MUX6_18_f522> is
   incomplete. The signal does not drive any load pins in the design.
WARNING:PhysDesignRules:367 - The signal <call_SDRAM/inst_LPM_MUX6_18_f514> is
   incomplete. The signal does not drive any load pins in the design.
WARNING:PhysDesignRules:367 - The signal <call_SDRAM/inst_LPM_MUX6_18_f531> is
   incomplete. The signal does not drive any load pins in the design.
WARNING:PhysDesignRules:367 - The signal <call_SDRAM/inst_LPM_MUX6_18_f515> is
   incomplete. The signal does not drive any load pins in the design.
WARNING:PhysDesignRules:367 - The signal <call_SDRAM/inst_LPM_MUX6_18_f532> is
   incomplete. The signal does not drive any load pins in the design.
WARNING:PhysDesignRules:367 - The signal <call_SDRAM/inst_LPM_MUX6_18_f524> is
   incomplete. The signal does not drive any load pins in the design.
WARNING:PhysDesignRules:367 - The signal <call_SDRAM/inst_LPM_MUX6_18_f533> is
   incomplete. The signal does not drive any load pins in the design.
WARNING:PhysDesignRules:367 - The signal <call_SDRAM/inst_LPM_MUX6_18_f525> is
   incomplete. The signal does not drive any load pins in the design.
WARNING:PhysDesignRules:367 - The signal <call_SDRAM/inst_LPM_MUX6_18_f517> is
   incomplete. The signal does not drive any load pins in the design.
WARNING:PhysDesignRules:367 - The signal <call_SDRAM/inst_LPM_MUX6_18_f542> is
   incomplete. The signal does not drive any load pins in the design.
WARNING:PhysDesignRules:367 - The signal <call_SDRAM/inst_LPM_MUX6_18_f534> is
   incomplete. The signal does not drive any load pins in the design.
WARNING:PhysDesignRules:367 - The signal <call_SDRAM/inst_LPM_MUX6_18_f518> is
   incomplete. The signal does not drive any load pins in the design.
WARNING:PhysDesignRules:367 - The signal <call_SDRAM/inst_LPM_MUX6_18_f551> is
   incomplete. The signal does not drive any load pins in the design.
WARNING:PhysDesignRules:367 - The signal <call_SDRAM/inst_LPM_MUX6_18_f543> is
   incomplete. The signal does not drive any load pins in the design.
WARNING:PhysDesignRules:367 - The signal <call_SDRAM/inst_LPM_MUX6_18_f527> is
   incomplete. The signal does not drive any load pins in the design.
WARNING:PhysDesignRules:367 - The signal <call_SDRAM/inst_LPM_MUX6_18_f519> is
   incomplete. The signal does not drive any load pins in the design.
WARNING:PhysDesignRules:367 - The signal <call_SDRAM/inst_LPM_MUX6_18_f552> is
   incomplete. The signal does not drive any load pins in the design.
WARNING:PhysDesignRules:367 - The signal <call_SDRAM/inst_LPM_MUX6_18_f544> is
   incomplete. The signal does not drive any load pins in the design.
WARNING:PhysDesignRules:367 - The signal <call_SDRAM/inst_LPM_MUX6_18_f528> is
   incomplete. The signal does not drive any load pins in the design.
WARNING:PhysDesignRules:367 - The signal <call_SDRAM/inst_LPM_MUX6_18_f553> is
   incomplete. The signal does not drive any load pins in the design.
WARNING:PhysDesignRules:367 - The signal <call_SDRAM/inst_LPM_MUX6_18_f537> is
   incomplete. The signal does not drive any load pins in the design.
WARNING:PhysDesignRules:367 - The signal <call_SDRAM/inst_LPM_MUX6_18_f529> is
   incomplete. The signal does not drive any load pins in the design.
WARNING:PhysDesignRules:367 - The signal <call_SDRAM/inst_LPM_MUX6_18_f554> is
   incomplete. The signal does not drive any load pins in the design.
WARNING:PhysDesignRules:367 - The signal <call_SDRAM/inst_LPM_MUX6_18_f546> is
   incomplete. The signal does not drive any load pins in the design.
WARNING:PhysDesignRules:367 - The signal <call_SDRAM/inst_LPM_MUX6_18_f555> is
   incomplete. The signal does not drive any load pins in the design.
WARNING:PhysDesignRules:367 - The signal <call_SDRAM/inst_LPM_MUX6_18_f547> is
   incomplete. The signal does not drive any load pins in the design.
WARNING:PhysDesignRules:367 - The signal <call_SDRAM/inst_LPM_MUX6_18_f539> is
   incomplete. The signal does not drive any load pins in the design.
WARNING:PhysDesignRules:367 - The signal <call_SDRAM/inst_LPM_MUX6_18_f548> is
   incomplete. The signal does not drive any load pins in the design.
WARNING:PhysDesignRules:367 - The signal <call_SDRAM/inst_LPM_MUX6_18_f540> is
   incomplete. The signal does not drive any load pins in the design.
WARNING:PhysDesignRules:367 - The signal <call_SDRAM/inst_LPM_MUX6_18_f549> is
   incomplete. The signal does not drive any load pins in the design.
WARNING:PhysDesignRules:367 - The signal <call_SDRAM/inst_LPM_MUX6_19_f511> is
   incomplete. The signal does not drive any load pins in the design.
WARNING:PhysDesignRules:367 - The signal <call_SDRAM/inst_LPM_MUX6_19_f521> is
   incomplete. The signal does not drive any load pins in the design.
WARNING:PhysDesignRules:367 - The signal <call_SDRAM/inst_LPM_MUX6_19_f513> is
   incomplete. The signal does not drive any load pins in the design.
WARNING:PhysDesignRules:367 - The signal <call_SDRAM/inst_LPM_MUX6_19_f514> is
   incomplete. The signal does not drive any load pins in the design.
WARNING:PhysDesignRules:367 - The signal <call_SDRAM/inst_LPM_MUX6_19_f523> is
   incomplete. The signal does not drive any load pins in the design.
WARNING:PhysDesignRules:367 - The signal <call_SDRAM/inst_LPM_MUX6_19_f532> is
   incomplete. The signal does not drive any load pins in the design.
WARNING:PhysDesignRules:367 - The signal <call_SDRAM/inst_LPM_MUX6_19_f524> is
   incomplete. The signal does not drive any load pins in the design.
WARNING:PhysDesignRules:367 - The signal <call_SDRAM/inst_LPM_MUX6_19_f541> is
   incomplete. The signal does not drive any load pins in the design.
WARNING:PhysDesignRules:367 - The signal <call_SDRAM/inst_LPM_MUX6_19_f533> is
   incomplete. The signal does not drive any load pins in the design.
WARNING:PhysDesignRules:367 - The signal <call_SDRAM/inst_LPM_MUX6_19_f534> is
   incomplete. The signal does not drive any load pins in the design.
WARNING:PhysDesignRules:367 - The signal <call_SDRAM/inst_LPM_MUX6_19_f518> is
   incomplete. The signal does not drive any load pins in the design.
WARNING:PhysDesignRules:367 - The signal <call_SDRAM/inst_LPM_MUX6_19_f543> is
   incomplete. The signal does not drive any load pins in the design.
WARNING:PhysDesignRules:367 - The signal <call_SDRAM/inst_LPM_MUX6_19_f527> is
   incomplete. The signal does not drive any load pins in the design.
WARNING:PhysDesignRules:367 - The signal <call_SDRAM/inst_LPM_MUX6_19_f552> is
   incomplete. The signal does not drive any load pins in the design.
WARNING:PhysDesignRules:367 - The signal <call_SDRAM/inst_LPM_MUX6_19_f544> is
   incomplete. The signal does not drive any load pins in the design.
WARNING:PhysDesignRules:367 - The signal <call_SDRAM/inst_LPM_MUX6_19_f553> is
   incomplete. The signal does not drive any load pins in the design.
WARNING:PhysDesignRules:367 - The signal <call_SDRAM/inst_LPM_MUX6_19_f529> is
   incomplete. The signal does not drive any load pins in the design.
WARNING:PhysDesignRules:367 - The signal <call_SDRAM/inst_LPM_MUX6_19_f562> is
   incomplete. The signal does not drive any load pins in the design.
WARNING:PhysDesignRules:367 - The signal <call_SDRAM/inst_LPM_MUX6_19_f554> is
   incomplete. The signal does not drive any load pins in the design.
WARNING:PhysDesignRules:367 - The signal <call_SDRAM/inst_LPM_MUX6_19_f538> is
   incomplete. The signal does not drive any load pins in the design.
WARNING:PhysDesignRules:367 - The signal <call_SDRAM/inst_LPM_MUX6_19_f530> is
   incomplete. The signal does not drive any load pins in the design.
WARNING:PhysDesignRules:367 - The signal <call_SDRAM/inst_LPM_MUX6_19_f563> is
   incomplete. The signal does not drive any load pins in the design.
WARNING:PhysDesignRules:367 - The signal <call_SDRAM/inst_LPM_MUX6_19_f547> is
   incomplete. The signal does not drive any load pins in the design.
WARNING:PhysDesignRules:367 - The signal <call_SDRAM/inst_LPM_MUX6_19_f564> is
   incomplete. The signal does not drive any load pins in the design.
WARNING:PhysDesignRules:367 - The signal <call_SDRAM/inst_LPM_MUX6_19_f557> is
   incomplete. The signal does not drive any load pins in the design.
WARNING:PhysDesignRules:367 - The signal <call_SDRAM/inst_LPM_MUX6_19_f549> is
   incomplete. The signal does not drive any load pins in the design.
WARNING:PhysDesignRules:367 - The signal <call_SDRAM/inst_LPM_MUX6_19_f566> is
   incomplete. The signal does not drive any load pins in the design.
WARNING:PhysDesignRules:367 - The signal <call_SDRAM/inst_LPM_MUX6_19_f550> is
   incomplete. The signal does not drive any load pins in the design.
WARNING:PhysDesignRules:367 - The signal <call_SDRAM/inst_LPM_MUX6_19_f567> is
   incomplete. The signal does not drive any load pins in the design.
WARNING:PhysDesignRules:367 - The signal <call_SDRAM/inst_LPM_MUX6_19_f559> is
   incomplete. The signal does not drive any load pins in the design.
WARNING:PhysDesignRules:367 - The signal <call_SDRAM/inst_LPM_MUX6_19_f568> is
   incomplete. The signal does not drive any load pins in the design.
WARNING:PhysDesignRules:367 - The signal <call_SDRAM/inst_LPM_MUX6_19_f560> is
   incomplete. The signal does not drive any load pins in the design.
WARNING:PhysDesignRules:367 - The signal <call_SDRAM/inst_LPM_MUX6_19_f569> is
   incomplete. The signal does not drive any load pins in the design.
WARNING:PhysDesignRules:367 - The signal <call_SDRAM/inst_LPM_MUX7_20_f514> is
   incomplete. The signal does not drive any load pins in the design.
WARNING:PhysDesignRules:367 - The signal <call_SDRAM/inst_LPM_MUX7_20_f532> is
   incomplete. The signal does not drive any load pins in the design.
WARNING:PhysDesignRules:367 - The signal <call_SDRAM/inst_LPM_MUX7_20_f525> is
   incomplete. The signal does not drive any load pins in the design.
WARNING:PhysDesignRules:367 - The signal <call_SDRAM/inst_LPM_MUX7_20_f517> is
   incomplete. The signal does not drive any load pins in the design.
WARNING:PhysDesignRules:367 - The signal <call_SDRAM/inst_LPM_MUX7_20_f542> is
   incomplete. The signal does not drive any load pins in the design.
WARNING:PhysDesignRules:367 - The signal <call_SDRAM/inst_LPM_MUX7_20_f534> is
   incomplete. The signal does not drive any load pins in the design.
WARNING:PhysDesignRules:367 - The signal <call_SDRAM/inst_LPM_MUX7_20_f551> is
   incomplete. The signal does not drive any load pins in the design.
WARNING:PhysDesignRules:367 - The signal <call_SDRAM/inst_LPM_MUX7_20_f535> is
   incomplete. The signal does not drive any load pins in the design.
WARNING:PhysDesignRules:367 - The signal <call_SDRAM/inst_LPM_MUX7_20_f519> is
   incomplete. The signal does not drive any load pins in the design.
WARNING:PhysDesignRules:367 - The signal <call_SDRAM/inst_LPM_MUX7_20_f544> is
   incomplete. The signal does not drive any load pins in the design.
WARNING:PhysDesignRules:367 - The signal <call_SDRAM/inst_LPM_MUX7_20_f520> is
   incomplete. The signal does not drive any load pins in the design.
WARNING:PhysDesignRules:367 - The signal <call_SDRAM/inst_LPM_MUX7_20_f553> is
   incomplete. The signal does not drive any load pins in the design.
WARNING:PhysDesignRules:367 - The signal <call_SDRAM/inst_LPM_MUX7_20_f545> is
   incomplete. The signal does not drive any load pins in the design.
WARNING:PhysDesignRules:367 - The signal <call_SDRAM/inst_LPM_MUX7_20_f529> is
   incomplete. The signal does not drive any load pins in the design.
WARNING:PhysDesignRules:367 - The signal <call_SDRAM/inst_LPM_MUX7_20_f554> is
   incomplete. The signal does not drive any load pins in the design.
WARNING:PhysDesignRules:367 - The signal <call_SDRAM/inst_LPM_MUX7_20_f555> is
   incomplete. The signal does not drive any load pins in the design.
WARNING:PhysDesignRules:367 - The signal <call_SDRAM/inst_LPM_MUX7_20_f539> is
   incomplete. The signal does not drive any load pins in the design.
WARNING:PhysDesignRules:367 - The signal <call_SDRAM/inst_LPM_MUX7_20_f548> is
   incomplete. The signal does not drive any load pins in the design.
WARNING:PhysDesignRules:367 - The signal <call_SDRAM/inst_LPM_MUX7_20_f550> is
   incomplete. The signal does not drive any load pins in the design.
WARNING:PhysDesignRules:367 - The signal <call_SDRAM/inst_LPM_MUX7_21_f512> is
   incomplete. The signal does not drive any load pins in the design.
WARNING:PhysDesignRules:367 - The signal <call_SDRAM/inst_LPM_MUX7_21_f521> is
   incomplete. The signal does not drive any load pins in the design.
WARNING:PhysDesignRules:367 - The signal <call_SDRAM/inst_LPM_MUX7_21_f524> is
   incomplete. The signal does not drive any load pins in the design.
WARNING:PhysDesignRules:367 - The signal <call_SDRAM/inst_LPM_MUX7_21_f517> is
   incomplete. The signal does not drive any load pins in the design.
WARNING:PhysDesignRules:367 - The signal <call_SDRAM/inst_LPM_MUX7_21_f526> is
   incomplete. The signal does not drive any load pins in the design.
WARNING:PhysDesignRules:367 - The signal <call_SDRAM/inst_LPM_MUX7_21_f527> is
   incomplete. The signal does not drive any load pins in the design.
WARNING:PhysDesignRules:367 - The signal <call_SDRAM/inst_LPM_MUX7_17_f511> is
   incomplete. The signal does not drive any load pins in the design.
WARNING:PhysDesignRules:367 - The signal <call_SDRAM/inst_LPM_MUX7_17_f512> is
   incomplete. The signal does not drive any load pins in the design.
WARNING:PhysDesignRules:367 - The signal <call_SDRAM/inst_LPM_MUX7_17_f513> is
   incomplete. The signal does not drive any load pins in the design.
WARNING:PhysDesignRules:367 - The signal <call_SDRAM/inst_LPM_MUX7_17_f522> is
   incomplete. The signal does not drive any load pins in the design.
WARNING:PhysDesignRules:367 - The signal <call_SDRAM/inst_LPM_MUX7_17_f514> is
   incomplete. The signal does not drive any load pins in the design.
WARNING:PhysDesignRules:367 - The signal <call_SDRAM/inst_LPM_MUX7_17_f523> is
   incomplete. The signal does not drive any load pins in the design.
WARNING:PhysDesignRules:367 - The signal <call_SDRAM/inst_LPM_MUX7_17_f524> is
   incomplete. The signal does not drive any load pins in the design.
WARNING:PhysDesignRules:367 - The signal <call_SDRAM/inst_LPM_MUX7_17_f516> is
   incomplete. The signal does not drive any load pins in the design.
WARNING:PhysDesignRules:367 - The signal <call_SDRAM/inst_LPM_MUX7_17_f525> is
   incomplete. The signal does not drive any load pins in the design.
WARNING:PhysDesignRules:367 - The signal <call_SDRAM/inst_LPM_MUX7_17_f517> is
   incomplete. The signal does not drive any load pins in the design.
WARNING:PhysDesignRules:367 - The signal <call_SDRAM/inst_LPM_MUX7_17_f526> is
   incomplete. The signal does not drive any load pins in the design.
WARNING:PhysDesignRules:367 - The signal <call_SDRAM/inst_LPM_MUX7_17_f518> is
   incomplete. The signal does not drive any load pins in the design.
WARNING:PhysDesignRules:367 - The signal <call_SDRAM/inst_LPM_MUX7_17_f527> is
   incomplete. The signal does not drive any load pins in the design.
WARNING:PhysDesignRules:367 - The signal <call_SDRAM/inst_LPM_MUX7_17_f519> is
   incomplete. The signal does not drive any load pins in the design.
WARNING:PhysDesignRules:367 - The signal <call_SDRAM/inst_LPM_MUX7_17_f520> is
   incomplete. The signal does not drive any load pins in the design.
WARNING:PhysDesignRules:367 - The signal <call_SDRAM/inst_LPM_MUX7_18_f512> is
   incomplete. The signal does not drive any load pins in the design.
WARNING:PhysDesignRules:367 - The signal <call_SDRAM/inst_LPM_MUX7_18_f522> is
   incomplete. The signal does not drive any load pins in the design.
WARNING:PhysDesignRules:367 - The signal <call_SDRAM/inst_LPM_MUX7_18_f514> is
   incomplete. The signal does not drive any load pins in the design.
WARNING:PhysDesignRules:367 - The signal <call_SDRAM/inst_LPM_MUX7_18_f531> is
   incomplete. The signal does not drive any load pins in the design.
WARNING:PhysDesignRules:367 - The signal <call_SDRAM/inst_LPM_MUX7_18_f515> is
   incomplete. The signal does not drive any load pins in the design.
WARNING:PhysDesignRules:367 - The signal <call_SDRAM/inst_LPM_MUX7_18_f532> is
   incomplete. The signal does not drive any load pins in the design.
WARNING:PhysDesignRules:367 - The signal <call_SDRAM/inst_LPM_MUX7_18_f524> is
   incomplete. The signal does not drive any load pins in the design.
WARNING:PhysDesignRules:367 - The signal <call_SDRAM/inst_LPM_MUX7_18_f533> is
   incomplete. The signal does not drive any load pins in the design.
WARNING:PhysDesignRules:367 - The signal <call_SDRAM/inst_LPM_MUX7_18_f525> is
   incomplete. The signal does not drive any load pins in the design.
WARNING:PhysDesignRules:367 - The signal <call_SDRAM/inst_LPM_MUX7_18_f517> is
   incomplete. The signal does not drive any load pins in the design.
WARNING:PhysDesignRules:367 - The signal <call_SDRAM/inst_LPM_MUX7_18_f542> is
   incomplete. The signal does not drive any load pins in the design.
WARNING:PhysDesignRules:367 - The signal <call_SDRAM/inst_LPM_MUX7_18_f534> is
   incomplete. The signal does not drive any load pins in the design.
WARNING:PhysDesignRules:367 - The signal <call_SDRAM/inst_LPM_MUX7_18_f518> is
   incomplete. The signal does not drive any load pins in the design.
WARNING:PhysDesignRules:367 - The signal <call_SDRAM/inst_LPM_MUX7_18_f551> is
   incomplete. The signal does not drive any load pins in the design.
WARNING:PhysDesignRules:367 - The signal <call_SDRAM/inst_LPM_MUX7_18_f543> is
   incomplete. The signal does not drive any load pins in the design.
WARNING:PhysDesignRules:367 - The signal <call_SDRAM/inst_LPM_MUX7_18_f527> is
   incomplete. The signal does not drive any load pins in the design.
WARNING:PhysDesignRules:367 - The signal <call_SDRAM/inst_LPM_MUX7_18_f519> is
   incomplete. The signal does not drive any load pins in the design.
WARNING:PhysDesignRules:367 - The signal <call_SDRAM/inst_LPM_MUX7_18_f552> is
   incomplete. The signal does not drive any load pins in the design.
WARNING:PhysDesignRules:367 - The signal <call_SDRAM/inst_LPM_MUX7_18_f544> is
   incomplete. The signal does not drive any load pins in the design.
WARNING:PhysDesignRules:367 - The signal <call_SDRAM/inst_LPM_MUX7_18_f528> is
   incomplete. The signal does not drive any load pins in the design.
WARNING:PhysDesignRules:367 - The signal <call_SDRAM/inst_LPM_MUX7_18_f553> is
   incomplete. The signal does not drive any load pins in the design.
WARNING:PhysDesignRules:367 - The signal <call_SDRAM/inst_LPM_MUX7_18_f537> is
   incomplete. The signal does not drive any load pins in the design.
WARNING:PhysDesignRules:367 - The signal <call_SDRAM/inst_LPM_MUX7_18_f529> is
   incomplete. The signal does not drive any load pins in the design.
WARNING:PhysDesignRules:367 - The signal <call_SDRAM/inst_LPM_MUX7_18_f554> is
   incomplete. The signal does not drive any load pins in the design.
WARNING:PhysDesignRules:367 - The signal <call_SDRAM/inst_LPM_MUX7_18_f546> is
   incomplete. The signal does not drive any load pins in the design.
WARNING:PhysDesignRules:367 - The signal <call_SDRAM/inst_LPM_MUX7_18_f555> is
   incomplete. The signal does not drive any load pins in the design.
WARNING:PhysDesignRules:367 - The signal <call_SDRAM/inst_LPM_MUX7_18_f547> is
   incomplete. The signal does not drive any load pins in the design.
WARNING:PhysDesignRules:367 - The signal <call_SDRAM/inst_LPM_MUX7_18_f539> is
   incomplete. The signal does not drive any load pins in the design.
WARNING:PhysDesignRules:367 - The signal <call_SDRAM/inst_LPM_MUX7_18_f548> is
   incomplete. The signal does not drive any load pins in the design.
WARNING:PhysDesignRules:367 - The signal <call_SDRAM/inst_LPM_MUX7_18_f540> is
   incomplete. The signal does not drive any load pins in the design.
WARNING:PhysDesignRules:367 - The signal <call_SDRAM/inst_LPM_MUX7_18_f549> is
   incomplete. The signal does not drive any load pins in the design.
WARNING:PhysDesignRules:367 - The signal <call_SDRAM/inst_LPM_MUX7_19_f511> is
   incomplete. The signal does not drive any load pins in the design.
WARNING:PhysDesignRules:367 - The signal <call_SDRAM/inst_LPM_MUX7_19_f521> is
   incomplete. The signal does not drive any load pins in the design.
WARNING:PhysDesignRules:367 - The signal <call_SDRAM/inst_LPM_MUX7_19_f513> is
   incomplete. The signal does not drive any load pins in the design.
WARNING:PhysDesignRules:367 - The signal <call_SDRAM/inst_LPM_MUX7_19_f514> is
   incomplete. The signal does not drive any load pins in the design.
WARNING:PhysDesignRules:367 - The signal <call_SDRAM/inst_LPM_MUX7_19_f523> is
   incomplete. The signal does not drive any load pins in the design.
WARNING:PhysDesignRules:367 - The signal <call_SDRAM/inst_LPM_MUX7_19_f532> is
   incomplete. The signal does not drive any load pins in the design.
WARNING:PhysDesignRules:367 - The signal <call_SDRAM/inst_LPM_MUX7_19_f524> is
   incomplete. The signal does not drive any load pins in the design.
WARNING:PhysDesignRules:367 - The signal <call_SDRAM/inst_LPM_MUX7_19_f541> is
   incomplete. The signal does not drive any load pins in the design.
WARNING:PhysDesignRules:367 - The signal <call_SDRAM/inst_LPM_MUX7_19_f533> is
   incomplete. The signal does not drive any load pins in the design.
WARNING:PhysDesignRules:367 - The signal <call_SDRAM/inst_LPM_MUX7_19_f534> is
   incomplete. The signal does not drive any load pins in the design.
WARNING:PhysDesignRules:367 - The signal <call_SDRAM/inst_LPM_MUX7_19_f518> is
   incomplete. The signal does not drive any load pins in the design.
WARNING:PhysDesignRules:367 - The signal <call_SDRAM/inst_LPM_MUX7_19_f543> is
   incomplete. The signal does not drive any load pins in the design.
WARNING:PhysDesignRules:367 - The signal <call_SDRAM/inst_LPM_MUX7_19_f527> is
   incomplete. The signal does not drive any load pins in the design.
WARNING:PhysDesignRules:367 - The signal <call_SDRAM/inst_LPM_MUX7_19_f552> is
   incomplete. The signal does not drive any load pins in the design.
WARNING:PhysDesignRules:367 - The signal <call_SDRAM/inst_LPM_MUX7_19_f544> is
   incomplete. The signal does not drive any load pins in the design.
WARNING:PhysDesignRules:367 - The signal <call_SDRAM/inst_LPM_MUX7_19_f553> is
   incomplete. The signal does not drive any load pins in the design.
WARNING:PhysDesignRules:367 - The signal <call_SDRAM/inst_LPM_MUX7_19_f529> is
   incomplete. The signal does not drive any load pins in the design.
WARNING:PhysDesignRules:367 - The signal <call_SDRAM/inst_LPM_MUX7_19_f562> is
   incomplete. The signal does not drive any load pins in the design.
WARNING:PhysDesignRules:367 - The signal <call_SDRAM/inst_LPM_MUX7_19_f554> is
   incomplete. The signal does not drive any load pins in the design.
WARNING:PhysDesignRules:367 - The signal <call_SDRAM/inst_LPM_MUX7_19_f538> is
   incomplete. The signal does not drive any load pins in the design.
WARNING:PhysDesignRules:367 - The signal <call_SDRAM/inst_LPM_MUX7_19_f530> is
   incomplete. The signal does not drive any load pins in the design.
WARNING:PhysDesignRules:367 - The signal <call_SDRAM/inst_LPM_MUX7_19_f563> is
   incomplete. The signal does not drive any load pins in the design.
WARNING:PhysDesignRules:367 - The signal <call_SDRAM/inst_LPM_MUX7_19_f547> is
   incomplete. The signal does not drive any load pins in the design.
WARNING:PhysDesignRules:367 - The signal <call_SDRAM/inst_LPM_MUX7_19_f564> is
   incomplete. The signal does not drive any load pins in the design.
WARNING:PhysDesignRules:367 - The signal <call_SDRAM/inst_LPM_MUX7_19_f557> is
   incomplete. The signal does not drive any load pins in the design.
WARNING:PhysDesignRules:367 - The signal <call_SDRAM/inst_LPM_MUX7_19_f549> is
   incomplete. The signal does not drive any load pins in the design.
WARNING:PhysDesignRules:367 - The signal <call_SDRAM/inst_LPM_MUX7_19_f566> is
   incomplete. The signal does not drive any load pins in the design.
WARNING:PhysDesignRules:367 - The signal <call_SDRAM/inst_LPM_MUX7_19_f550> is
   incomplete. The signal does not drive any load pins in the design.
WARNING:PhysDesignRules:367 - The signal <call_SDRAM/inst_LPM_MUX7_19_f567> is
   incomplete. The signal does not drive any load pins in the design.
WARNING:PhysDesignRules:367 - The signal <call_SDRAM/inst_LPM_MUX7_19_f559> is
   incomplete. The signal does not drive any load pins in the design.
WARNING:PhysDesignRules:367 - The signal <call_SDRAM/inst_LPM_MUX7_19_f568> is
   incomplete. The signal does not drive any load pins in the design.
WARNING:PhysDesignRules:367 - The signal <call_SDRAM/inst_LPM_MUX7_19_f560> is
   incomplete. The signal does not drive any load pins in the design.
WARNING:PhysDesignRules:367 - The signal <call_SDRAM/inst_LPM_MUX7_19_f569> is
   incomplete. The signal does not drive any load pins in the design.
WARNING:PhysDesignRules:367 - The signal <call_SDRAM/inst_LPM_MUX1_15_f5> is
   incomplete. The signal does not drive any load pins in the design.
WARNING:PhysDesignRules:367 - The signal <call_SDRAM/inst_LPM_MUX2_15_f5> is
   incomplete. The signal does not drive any load pins in the design.
WARNING:PhysDesignRules:367 - The signal <call_SDRAM/inst_LPM_MUX3_15_f5> is
   incomplete. The signal does not drive any load pins in the design.
WARNING:PhysDesignRules:367 - The signal <call_SDRAM/inst_LPM_MUX4_15_f5> is
   incomplete. The signal does not drive any load pins in the design.
WARNING:PhysDesignRules:367 - The signal <call_SDRAM/inst_LPM_MUX5_15_f5> is
   incomplete. The signal does not drive any load pins in the design.
WARNING:PhysDesignRules:367 - The signal <call_SDRAM/inst_LPM_MUX6_15_f5> is
   incomplete. The signal does not drive any load pins in the design.
WARNING:PhysDesignRules:367 - The signal <call_SDRAM/inst_LPM_MUX7_15_f5> is
   incomplete. The signal does not drive any load pins in the design.
WARNING:PhysDesignRules:367 - The signal <call_SDRAM/inst_LPM_MUX_20_f514> is
   incomplete. The signal does not drive any load pins in the design.
WARNING:PhysDesignRules:367 - The signal <call_SDRAM/inst_LPM_MUX_20_f532> is
   incomplete. The signal does not drive any load pins in the design.
WARNING:PhysDesignRules:367 - The signal <call_SDRAM/inst_LPM_MUX_20_f525> is
   incomplete. The signal does not drive any load pins in the design.
WARNING:PhysDesignRules:367 - The signal <call_SDRAM/inst_LPM_MUX_20_f517> is
   incomplete. The signal does not drive any load pins in the design.
WARNING:PhysDesignRules:367 - The signal <call_SDRAM/inst_LPM_MUX_20_f542> is
   incomplete. The signal does not drive any load pins in the design.
WARNING:PhysDesignRules:367 - The signal <call_SDRAM/inst_LPM_MUX_20_f534> is
   incomplete. The signal does not drive any load pins in the design.
WARNING:PhysDesignRules:367 - The signal <call_SDRAM/inst_LPM_MUX_20_f551> is
   incomplete. The signal does not drive any load pins in the design.
WARNING:PhysDesignRules:367 - The signal <call_SDRAM/inst_LPM_MUX_20_f535> is
   incomplete. The signal does not drive any load pins in the design.
WARNING:PhysDesignRules:367 - The signal <call_SDRAM/inst_LPM_MUX_20_f519> is
   incomplete. The signal does not drive any load pins in the design.
WARNING:PhysDesignRules:367 - The signal <call_SDRAM/inst_LPM_MUX_20_f544> is
   incomplete. The signal does not drive any load pins in the design.
WARNING:PhysDesignRules:367 - The signal <call_SDRAM/inst_LPM_MUX_20_f520> is
   incomplete. The signal does not drive any load pins in the design.
WARNING:PhysDesignRules:367 - The signal <call_SDRAM/inst_LPM_MUX_20_f553> is
   incomplete. The signal does not drive any load pins in the design.
WARNING:PhysDesignRules:367 - The signal <call_SDRAM/inst_LPM_MUX_20_f545> is
   incomplete. The signal does not drive any load pins in the design.
WARNING:PhysDesignRules:367 - The signal <call_SDRAM/inst_LPM_MUX_20_f529> is
   incomplete. The signal does not drive any load pins in the design.
WARNING:PhysDesignRules:367 - The signal <call_SDRAM/inst_LPM_MUX_20_f554> is
   incomplete. The signal does not drive any load pins in the design.
WARNING:PhysDesignRules:367 - The signal <call_SDRAM/inst_LPM_MUX_20_f555> is
   incomplete. The signal does not drive any load pins in the design.
WARNING:PhysDesignRules:367 - The signal <call_SDRAM/inst_LPM_MUX_20_f539> is
   incomplete. The signal does not drive any load pins in the design.
WARNING:PhysDesignRules:367 - The signal <call_SDRAM/inst_LPM_MUX_20_f548> is
   incomplete. The signal does not drive any load pins in the design.
WARNING:PhysDesignRules:367 - The signal <call_SDRAM/inst_LPM_MUX_20_f550> is
   incomplete. The signal does not drive any load pins in the design.
WARNING:PhysDesignRules:367 - The signal <call_SDRAM/inst_LPM_MUX_21_f512> is
   incomplete. The signal does not drive any load pins in the design.
WARNING:PhysDesignRules:367 - The signal <call_SDRAM/inst_LPM_MUX_21_f521> is
   incomplete. The signal does not drive any load pins in the design.
WARNING:PhysDesignRules:367 - The signal <call_SDRAM/inst_LPM_MUX_21_f524> is
   incomplete. The signal does not drive any load pins in the design.
WARNING:PhysDesignRules:367 - The signal <call_SDRAM/inst_LPM_MUX_21_f517> is
   incomplete. The signal does not drive any load pins in the design.
WARNING:PhysDesignRules:367 - The signal <call_SDRAM/inst_LPM_MUX_21_f526> is
   incomplete. The signal does not drive any load pins in the design.
WARNING:PhysDesignRules:367 - The signal <call_SDRAM/inst_LPM_MUX_21_f527> is
   incomplete. The signal does not drive any load pins in the design.
WARNING:PhysDesignRules:367 - The signal <call_SDRAM/inst_LPM_MUX_17_f511> is
   incomplete. The signal does not drive any load pins in the design.
WARNING:PhysDesignRules:367 - The signal <call_SDRAM/inst_LPM_MUX_17_f512> is
   incomplete. The signal does not drive any load pins in the design.
WARNING:PhysDesignRules:367 - The signal <call_SDRAM/inst_LPM_MUX_17_f513> is
   incomplete. The signal does not drive any load pins in the design.
WARNING:PhysDesignRules:367 - The signal <call_SDRAM/inst_LPM_MUX_17_f522> is
   incomplete. The signal does not drive any load pins in the design.
WARNING:PhysDesignRules:367 - The signal <call_SDRAM/inst_LPM_MUX_17_f514> is
   incomplete. The signal does not drive any load pins in the design.
WARNING:PhysDesignRules:367 - The signal <call_SDRAM/inst_LPM_MUX_17_f523> is
   incomplete. The signal does not drive any load pins in the design.
WARNING:PhysDesignRules:367 - The signal <call_SDRAM/inst_LPM_MUX_17_f524> is
   incomplete. The signal does not drive any load pins in the design.
WARNING:PhysDesignRules:367 - The signal <call_SDRAM/inst_LPM_MUX_17_f516> is
   incomplete. The signal does not drive any load pins in the design.
WARNING:PhysDesignRules:367 - The signal <call_SDRAM/inst_LPM_MUX_17_f525> is
   incomplete. The signal does not drive any load pins in the design.
WARNING:PhysDesignRules:367 - The signal <call_SDRAM/inst_LPM_MUX_17_f517> is
   incomplete. The signal does not drive any load pins in the design.
WARNING:PhysDesignRules:367 - The signal <call_SDRAM/inst_LPM_MUX_17_f526> is
   incomplete. The signal does not drive any load pins in the design.
WARNING:PhysDesignRules:367 - The signal <call_SDRAM/inst_LPM_MUX_17_f518> is
   incomplete. The signal does not drive any load pins in the design.
WARNING:PhysDesignRules:367 - The signal <call_SDRAM/inst_LPM_MUX_17_f527> is
   incomplete. The signal does not drive any load pins in the design.
WARNING:PhysDesignRules:367 - The signal <call_SDRAM/inst_LPM_MUX_17_f519> is
   incomplete. The signal does not drive any load pins in the design.
WARNING:PhysDesignRules:367 - The signal <call_SDRAM/inst_LPM_MUX_17_f520> is
   incomplete. The signal does not drive any load pins in the design.
WARNING:PhysDesignRules:367 - The signal <call_SDRAM/inst_LPM_MUX_18_f512> is
   incomplete. The signal does not drive any load pins in the design.
WARNING:PhysDesignRules:367 - The signal <call_SDRAM/inst_LPM_MUX_18_f522> is
   incomplete. The signal does not drive any load pins in the design.
WARNING:PhysDesignRules:367 - The signal <call_SDRAM/inst_LPM_MUX_18_f514> is
   incomplete. The signal does not drive any load pins in the design.
WARNING:PhysDesignRules:367 - The signal <call_SDRAM/inst_LPM_MUX_18_f531> is
   incomplete. The signal does not drive any load pins in the design.
WARNING:PhysDesignRules:367 - The signal <call_SDRAM/inst_LPM_MUX_18_f515> is
   incomplete. The signal does not drive any load pins in the design.
WARNING:PhysDesignRules:367 - The signal <call_SDRAM/inst_LPM_MUX_18_f532> is
   incomplete. The signal does not drive any load pins in the design.
WARNING:PhysDesignRules:367 - The signal <call_SDRAM/inst_LPM_MUX_18_f524> is
   incomplete. The signal does not drive any load pins in the design.
WARNING:PhysDesignRules:367 - The signal <call_SDRAM/inst_LPM_MUX_18_f533> is
   incomplete. The signal does not drive any load pins in the design.
WARNING:PhysDesignRules:367 - The signal <call_SDRAM/inst_LPM_MUX_18_f525> is
   incomplete. The signal does not drive any load pins in the design.
WARNING:PhysDesignRules:367 - The signal <call_SDRAM/inst_LPM_MUX_18_f517> is
   incomplete. The signal does not drive any load pins in the design.
WARNING:PhysDesignRules:367 - The signal <call_SDRAM/inst_LPM_MUX_18_f542> is
   incomplete. The signal does not drive any load pins in the design.
WARNING:PhysDesignRules:367 - The signal <call_SDRAM/inst_LPM_MUX_18_f534> is
   incomplete. The signal does not drive any load pins in the design.
WARNING:PhysDesignRules:367 - The signal <call_SDRAM/inst_LPM_MUX_18_f518> is
   incomplete. The signal does not drive any load pins in the design.
WARNING:PhysDesignRules:367 - The signal <call_SDRAM/inst_LPM_MUX_18_f551> is
   incomplete. The signal does not drive any load pins in the design.
WARNING:PhysDesignRules:367 - The signal <call_SDRAM/inst_LPM_MUX_18_f543> is
   incomplete. The signal does not drive any load pins in the design.
WARNING:PhysDesignRules:367 - The signal <call_SDRAM/inst_LPM_MUX_18_f527> is
   incomplete. The signal does not drive any load pins in the design.
WARNING:PhysDesignRules:367 - The signal <call_SDRAM/inst_LPM_MUX_18_f519> is
   incomplete. The signal does not drive any load pins in the design.
WARNING:PhysDesignRules:367 - The signal <call_SDRAM/inst_LPM_MUX_18_f552> is
   incomplete. The signal does not drive any load pins in the design.
WARNING:PhysDesignRules:367 - The signal <call_SDRAM/inst_LPM_MUX_18_f544> is
   incomplete. The signal does not drive any load pins in the design.
WARNING:PhysDesignRules:367 - The signal <call_SDRAM/inst_LPM_MUX_18_f528> is
   incomplete. The signal does not drive any load pins in the design.
WARNING:PhysDesignRules:367 - The signal <call_SDRAM/inst_LPM_MUX_18_f553> is
   incomplete. The signal does not drive any load pins in the design.
WARNING:PhysDesignRules:367 - The signal <call_SDRAM/inst_LPM_MUX_18_f537> is
   incomplete. The signal does not drive any load pins in the design.
WARNING:PhysDesignRules:367 - The signal <call_SDRAM/inst_LPM_MUX_18_f529> is
   incomplete. The signal does not drive any load pins in the design.
WARNING:PhysDesignRules:367 - The signal <call_SDRAM/inst_LPM_MUX_18_f554> is
   incomplete. The signal does not drive any load pins in the design.
WARNING:PhysDesignRules:367 - The signal <call_SDRAM/inst_LPM_MUX_18_f546> is
   incomplete. The signal does not drive any load pins in the design.
WARNING:PhysDesignRules:367 - The signal <call_SDRAM/inst_LPM_MUX_18_f555> is
   incomplete. The signal does not drive any load pins in the design.
WARNING:PhysDesignRules:367 - The signal <call_SDRAM/inst_LPM_MUX_18_f547> is
   incomplete. The signal does not drive any load pins in the design.
WARNING:PhysDesignRules:367 - The signal <call_SDRAM/inst_LPM_MUX_18_f539> is
   incomplete. The signal does not drive any load pins in the design.
WARNING:PhysDesignRules:367 - The signal <call_SDRAM/inst_LPM_MUX_18_f548> is
   incomplete. The signal does not drive any load pins in the design.
WARNING:PhysDesignRules:367 - The signal <call_SDRAM/inst_LPM_MUX_18_f540> is
   incomplete. The signal does not drive any load pins in the design.
WARNING:PhysDesignRules:367 - The signal <call_SDRAM/inst_LPM_MUX_18_f549> is
   incomplete. The signal does not drive any load pins in the design.
WARNING:PhysDesignRules:367 - The signal <call_SDRAM/inst_LPM_MUX_19_f511> is
   incomplete. The signal does not drive any load pins in the design.
WARNING:PhysDesignRules:367 - The signal <call_SDRAM/inst_LPM_MUX_19_f521> is
   incomplete. The signal does not drive any load pins in the design.
WARNING:PhysDesignRules:367 - The signal <call_SDRAM/inst_LPM_MUX_19_f513> is
   incomplete. The signal does not drive any load pins in the design.
WARNING:PhysDesignRules:367 - The signal <call_SDRAM/inst_LPM_MUX_19_f514> is
   incomplete. The signal does not drive any load pins in the design.
WARNING:PhysDesignRules:367 - The signal <call_SDRAM/inst_LPM_MUX_19_f523> is
   incomplete. The signal does not drive any load pins in the design.
WARNING:PhysDesignRules:367 - The signal <call_SDRAM/inst_LPM_MUX_19_f532> is
   incomplete. The signal does not drive any load pins in the design.
WARNING:PhysDesignRules:367 - The signal <call_SDRAM/inst_LPM_MUX_19_f524> is
   incomplete. The signal does not drive any load pins in the design.
WARNING:PhysDesignRules:367 - The signal <call_SDRAM/inst_LPM_MUX_19_f541> is
   incomplete. The signal does not drive any load pins in the design.
WARNING:PhysDesignRules:367 - The signal <call_SDRAM/inst_LPM_MUX_19_f533> is
   incomplete. The signal does not drive any load pins in the design.
WARNING:PhysDesignRules:367 - The signal <call_SDRAM/inst_LPM_MUX_19_f534> is
   incomplete. The signal does not drive any load pins in the design.
WARNING:PhysDesignRules:367 - The signal <call_SDRAM/inst_LPM_MUX_19_f518> is
   incomplete. The signal does not drive any load pins in the design.
WARNING:PhysDesignRules:367 - The signal <call_SDRAM/inst_LPM_MUX_19_f543> is
   incomplete. The signal does not drive any load pins in the design.
WARNING:PhysDesignRules:367 - The signal <call_SDRAM/inst_LPM_MUX_19_f527> is
   incomplete. The signal does not drive any load pins in the design.
WARNING:PhysDesignRules:367 - The signal <call_SDRAM/inst_LPM_MUX_19_f552> is
   incomplete. The signal does not drive any load pins in the design.
WARNING:PhysDesignRules:367 - The signal <call_SDRAM/inst_LPM_MUX_19_f544> is
   incomplete. The signal does not drive any load pins in the design.
WARNING:PhysDesignRules:367 - The signal <call_SDRAM/inst_LPM_MUX_19_f553> is
   incomplete. The signal does not drive any load pins in the design.
WARNING:PhysDesignRules:367 - The signal <call_SDRAM/inst_LPM_MUX_19_f529> is
   incomplete. The signal does not drive any load pins in the design.
WARNING:PhysDesignRules:367 - The signal <call_SDRAM/inst_LPM_MUX_19_f562> is
   incomplete. The signal does not drive any load pins in the design.
WARNING:PhysDesignRules:367 - The signal <call_SDRAM/inst_LPM_MUX_19_f554> is
   incomplete. The signal does not drive any load pins in the design.
WARNING:PhysDesignRules:367 - The signal <call_SDRAM/inst_LPM_MUX_19_f538> is
   incomplete. The signal does not drive any load pins in the design.
WARNING:PhysDesignRules:367 - The signal <call_SDRAM/inst_LPM_MUX_19_f530> is
   incomplete. The signal does not drive any load pins in the design.
WARNING:PhysDesignRules:367 - The signal <call_SDRAM/inst_LPM_MUX_19_f563> is
   incomplete. The signal does not drive any load pins in the design.
WARNING:PhysDesignRules:367 - The signal <call_SDRAM/inst_LPM_MUX_19_f547> is
   incomplete. The signal does not drive any load pins in the design.
WARNING:PhysDesignRules:367 - The signal <call_SDRAM/inst_LPM_MUX_19_f564> is
   incomplete. The signal does not drive any load pins in the design.
WARNING:PhysDesignRules:367 - The signal <call_SDRAM/inst_LPM_MUX_19_f557> is
   incomplete. The signal does not drive any load pins in the design.
WARNING:PhysDesignRules:367 - The signal <call_SDRAM/inst_LPM_MUX_19_f549> is
   incomplete. The signal does not drive any load pins in the design.
WARNING:PhysDesignRules:367 - The signal <call_SDRAM/inst_LPM_MUX_19_f566> is
   incomplete. The signal does not drive any load pins in the design.
WARNING:PhysDesignRules:367 - The signal <call_SDRAM/inst_LPM_MUX_19_f550> is
   incomplete. The signal does not drive any load pins in the design.
WARNING:PhysDesignRules:367 - The signal <call_SDRAM/inst_LPM_MUX_19_f567> is
   incomplete. The signal does not drive any load pins in the design.
WARNING:PhysDesignRules:367 - The signal <call_SDRAM/inst_LPM_MUX_19_f559> is
   incomplete. The signal does not drive any load pins in the design.
WARNING:PhysDesignRules:367 - The signal <call_SDRAM/inst_LPM_MUX_19_f568> is
   incomplete. The signal does not drive any load pins in the design.
WARNING:PhysDesignRules:367 - The signal <call_SDRAM/inst_LPM_MUX_19_f560> is
   incomplete. The signal does not drive any load pins in the design.
WARNING:PhysDesignRules:367 - The signal <call_SDRAM/inst_LPM_MUX_19_f569> is
   incomplete. The signal does not drive any load pins in the design.
WARNING:PhysDesignRules:367 - The signal <call_SDRAM/inst_LPM_MUX_101> is
   incomplete. The signal does not drive any load pins in the design.
WARNING:PhysDesignRules:367 - The signal <call_SDRAM/inst_LPM_MUX_102> is
   incomplete. The signal does not drive any load pins in the design.
WARNING:PhysDesignRules:367 - The signal <call_SDRAM/inst_LPM_MUX_103> is
   incomplete. The signal does not drive any load pins in the design.
WARNING:PhysDesignRules:367 - The signal <call_SDRAM/inst_LPM_MUX_112> is
   incomplete. The signal does not drive any load pins in the design.
WARNING:PhysDesignRules:367 - The signal <call_SDRAM/inst_LPM_MUX_114> is
   incomplete. The signal does not drive any load pins in the design.
WARNING:PhysDesignRules:367 - The signal <call_SDRAM/inst_LPM_MUX_123> is
   incomplete. The signal does not drive any load pins in the design.
WARNING:PhysDesignRules:367 - The signal <call_SDRAM/inst_LPM_MUX_115> is
   incomplete. The signal does not drive any load pins in the design.
WARNING:PhysDesignRules:367 - The signal <call_SDRAM/inst_LPM_MUX1_101> is
   incomplete. The signal does not drive any load pins in the design.
WARNING:PhysDesignRules:367 - The signal <call_SDRAM/inst_LPM_MUX1_102> is
   incomplete. The signal does not drive any load pins in the design.
WARNING:PhysDesignRules:367 - The signal <call_SDRAM/inst_LPM_MUX1_103> is
   incomplete. The signal does not drive any load pins in the design.
WARNING:PhysDesignRules:367 - The signal <call_SDRAM/inst_LPM_MUX1_112> is
   incomplete. The signal does not drive any load pins in the design.
WARNING:PhysDesignRules:367 - The signal <call_SDRAM/inst_LPM_MUX1_114> is
   incomplete. The signal does not drive any load pins in the design.
WARNING:PhysDesignRules:367 - The signal <call_SDRAM/inst_LPM_MUX1_123> is
   incomplete. The signal does not drive any load pins in the design.
WARNING:PhysDesignRules:367 - The signal <call_SDRAM/inst_LPM_MUX1_115> is
   incomplete. The signal does not drive any load pins in the design.
WARNING:PhysDesignRules:367 - The signal <call_SDRAM/inst_LPM_MUX2_101> is
   incomplete. The signal does not drive any load pins in the design.
WARNING:PhysDesignRules:367 - The signal <call_SDRAM/inst_LPM_MUX2_102> is
   incomplete. The signal does not drive any load pins in the design.
WARNING:PhysDesignRules:367 - The signal <call_SDRAM/inst_LPM_MUX2_103> is
   incomplete. The signal does not drive any load pins in the design.
WARNING:PhysDesignRules:367 - The signal <call_SDRAM/inst_LPM_MUX2_112> is
   incomplete. The signal does not drive any load pins in the design.
WARNING:PhysDesignRules:367 - The signal <call_SDRAM/inst_LPM_MUX2_114> is
   incomplete. The signal does not drive any load pins in the design.
WARNING:PhysDesignRules:367 - The signal <call_SDRAM/inst_LPM_MUX2_123> is
   incomplete. The signal does not drive any load pins in the design.
WARNING:PhysDesignRules:367 - The signal <call_SDRAM/inst_LPM_MUX2_115> is
   incomplete. The signal does not drive any load pins in the design.
WARNING:PhysDesignRules:367 - The signal <call_SDRAM/inst_LPM_MUX3_101> is
   incomplete. The signal does not drive any load pins in the design.
WARNING:PhysDesignRules:367 - The signal <call_SDRAM/inst_LPM_MUX3_102> is
   incomplete. The signal does not drive any load pins in the design.
WARNING:PhysDesignRules:367 - The signal <call_SDRAM/inst_LPM_MUX3_103> is
   incomplete. The signal does not drive any load pins in the design.
WARNING:PhysDesignRules:367 - The signal <call_SDRAM/inst_LPM_MUX3_112> is
   incomplete. The signal does not drive any load pins in the design.
WARNING:PhysDesignRules:367 - The signal <call_SDRAM/inst_LPM_MUX3_114> is
   incomplete. The signal does not drive any load pins in the design.
WARNING:PhysDesignRules:367 - The signal <call_SDRAM/inst_LPM_MUX3_123> is
   incomplete. The signal does not drive any load pins in the design.
WARNING:PhysDesignRules:367 - The signal <call_SDRAM/inst_LPM_MUX3_115> is
   incomplete. The signal does not drive any load pins in the design.
WARNING:PhysDesignRules:367 - The signal <call_SDRAM/inst_LPM_MUX4_101> is
   incomplete. The signal does not drive any load pins in the design.
WARNING:PhysDesignRules:367 - The signal <call_SDRAM/inst_LPM_MUX4_102> is
   incomplete. The signal does not drive any load pins in the design.
WARNING:PhysDesignRules:367 - The signal <call_SDRAM/inst_LPM_MUX4_103> is
   incomplete. The signal does not drive any load pins in the design.
WARNING:PhysDesignRules:367 - The signal <call_SDRAM/inst_LPM_MUX4_112> is
   incomplete. The signal does not drive any load pins in the design.
WARNING:PhysDesignRules:367 - The signal <call_SDRAM/inst_LPM_MUX4_114> is
   incomplete. The signal does not drive any load pins in the design.
WARNING:PhysDesignRules:367 - The signal <call_SDRAM/inst_LPM_MUX4_123> is
   incomplete. The signal does not drive any load pins in the design.
WARNING:PhysDesignRules:367 - The signal <call_SDRAM/inst_LPM_MUX4_115> is
   incomplete. The signal does not drive any load pins in the design.
WARNING:PhysDesignRules:367 - The signal <call_SDRAM/inst_LPM_MUX5_101> is
   incomplete. The signal does not drive any load pins in the design.
WARNING:PhysDesignRules:367 - The signal <call_SDRAM/inst_LPM_MUX5_102> is
   incomplete. The signal does not drive any load pins in the design.
WARNING:PhysDesignRules:367 - The signal <call_SDRAM/inst_LPM_MUX5_103> is
   incomplete. The signal does not drive any load pins in the design.
WARNING:PhysDesignRules:367 - The signal <call_SDRAM/inst_LPM_MUX5_112> is
   incomplete. The signal does not drive any load pins in the design.
WARNING:PhysDesignRules:367 - The signal <call_SDRAM/inst_LPM_MUX5_114> is
   incomplete. The signal does not drive any load pins in the design.
WARNING:PhysDesignRules:367 - The signal <call_SDRAM/inst_LPM_MUX5_123> is
   incomplete. The signal does not drive any load pins in the design.
WARNING:PhysDesignRules:367 - The signal <call_SDRAM/inst_LPM_MUX5_115> is
   incomplete. The signal does not drive any load pins in the design.
WARNING:PhysDesignRules:367 - The signal <call_SDRAM/inst_LPM_MUX6_101> is
   incomplete. The signal does not drive any load pins in the design.
WARNING:PhysDesignRules:367 - The signal <call_SDRAM/inst_LPM_MUX6_102> is
   incomplete. The signal does not drive any load pins in the design.
WARNING:PhysDesignRules:367 - The signal <call_SDRAM/inst_LPM_MUX6_103> is
   incomplete. The signal does not drive any load pins in the design.
WARNING:PhysDesignRules:367 - The signal <call_SDRAM/inst_LPM_MUX6_112> is
   incomplete. The signal does not drive any load pins in the design.
WARNING:PhysDesignRules:367 - The signal <call_SDRAM/inst_LPM_MUX6_114> is
   incomplete. The signal does not drive any load pins in the design.
WARNING:PhysDesignRules:367 - The signal <call_SDRAM/inst_LPM_MUX6_123> is
   incomplete. The signal does not drive any load pins in the design.
WARNING:PhysDesignRules:367 - The signal <call_SDRAM/inst_LPM_MUX6_115> is
   incomplete. The signal does not drive any load pins in the design.
WARNING:PhysDesignRules:367 - The signal <call_SDRAM/inst_LPM_MUX7_101> is
   incomplete. The signal does not drive any load pins in the design.
WARNING:PhysDesignRules:367 - The signal <call_SDRAM/inst_LPM_MUX7_102> is
   incomplete. The signal does not drive any load pins in the design.
WARNING:PhysDesignRules:367 - The signal <call_SDRAM/inst_LPM_MUX7_103> is
   incomplete. The signal does not drive any load pins in the design.
WARNING:PhysDesignRules:367 - The signal <call_SDRAM/inst_LPM_MUX7_112> is
   incomplete. The signal does not drive any load pins in the design.
WARNING:PhysDesignRules:367 - The signal <call_SDRAM/inst_LPM_MUX7_114> is
   incomplete. The signal does not drive any load pins in the design.
WARNING:PhysDesignRules:367 - The signal <call_SDRAM/inst_LPM_MUX7_123> is
   incomplete. The signal does not drive any load pins in the design.
WARNING:PhysDesignRules:367 - The signal <call_SDRAM/inst_LPM_MUX7_115> is
   incomplete. The signal does not drive any load pins in the design.
WARNING:PhysDesignRules:367 - The signal <call_SDRAM/inst_LPM_MUX_9> is
   incomplete. The signal does not drive any load pins in the design.
WARNING:PhysDesignRules:367 - The signal <call_SDRAM/inst_LPM_MUX1_9> is
   incomplete. The signal does not drive any load pins in the design.
WARNING:PhysDesignRules:367 - The signal <call_SDRAM/inst_LPM_MUX2_9> is
   incomplete. The signal does not drive any load pins in the design.
WARNING:PhysDesignRules:367 - The signal <call_SDRAM/inst_LPM_MUX3_9> is
   incomplete. The signal does not drive any load pins in the design.
WARNING:PhysDesignRules:367 - The signal <call_SDRAM/inst_LPM_MUX4_9> is
   incomplete. The signal does not drive any load pins in the design.
WARNING:PhysDesignRules:367 - The signal <call_SDRAM/inst_LPM_MUX5_9> is
   incomplete. The signal does not drive any load pins in the design.
WARNING:PhysDesignRules:367 - The signal <call_SDRAM/inst_LPM_MUX6_9> is
   incomplete. The signal does not drive any load pins in the design.
WARNING:PhysDesignRules:367 - The signal <call_SDRAM/inst_LPM_MUX7_9> is
   incomplete. The signal does not drive any load pins in the design.
WARNING:PhysDesignRules:812 - Dangling pin <DOA1> on
   block:<call_SRAM/U0/xst_blk_mem_generator/gnativebmg.native_blk_mem_gen/valid
   .cstr/ramloop[0].ram.r/s3_noinit.ram/spram.ram.A>:<RAMB16_RAMB16A>.
WARNING:PhysDesignRules:812 - Dangling pin <DOA2> on
   block:<call_SRAM/U0/xst_blk_mem_generator/gnativebmg.native_blk_mem_gen/valid
   .cstr/ramloop[0].ram.r/s3_noinit.ram/spram.ram.A>:<RAMB16_RAMB16A>.
WARNING:PhysDesignRules:812 - Dangling pin <DOA3> on
   block:<call_SRAM/U0/xst_blk_mem_generator/gnativebmg.native_blk_mem_gen/valid
   .cstr/ramloop[0].ram.r/s3_noinit.ram/spram.ram.A>:<RAMB16_RAMB16A>.
WARNING:PhysDesignRules:812 - Dangling pin <DOA4> on
   block:<call_SRAM/U0/xst_blk_mem_generator/gnativebmg.native_blk_mem_gen/valid
   .cstr/ramloop[0].ram.r/s3_noinit.ram/spram.ram.A>:<RAMB16_RAMB16A>.
WARNING:PhysDesignRules:812 - Dangling pin <DOA5> on
   block:<call_SRAM/U0/xst_blk_mem_generator/gnativebmg.native_blk_mem_gen/valid
   .cstr/ramloop[0].ram.r/s3_noinit.ram/spram.ram.A>:<RAMB16_RAMB16A>.
WARNING:PhysDesignRules:812 - Dangling pin <DOA6> on
   block:<call_SRAM/U0/xst_blk_mem_generator/gnativebmg.native_blk_mem_gen/valid
   .cstr/ramloop[0].ram.r/s3_noinit.ram/spram.ram.A>:<RAMB16_RAMB16A>.
WARNING:PhysDesignRules:812 - Dangling pin <DOA7> on
   block:<call_SRAM/U0/xst_blk_mem_generator/gnativebmg.native_blk_mem_gen/valid
   .cstr/ramloop[0].ram.r/s3_noinit.ram/spram.ram.A>:<RAMB16_RAMB16A>.
WARNING:PhysDesignRules:812 - Dangling pin <DOA9> on
   block:<call_SRAM/U0/xst_blk_mem_generator/gnativebmg.native_blk_mem_gen/valid
   .cstr/ramloop[0].ram.r/s3_noinit.ram/spram.ram.A>:<RAMB16_RAMB16A>.
WARNING:PhysDesignRules:812 - Dangling pin <DOA10> on
   block:<call_SRAM/U0/xst_blk_mem_generator/gnativebmg.native_blk_mem_gen/valid
   .cstr/ramloop[0].ram.r/s3_noinit.ram/spram.ram.A>:<RAMB16_RAMB16A>.
WARNING:PhysDesignRules:812 - Dangling pin <DOA11> on
   block:<call_SRAM/U0/xst_blk_mem_generator/gnativebmg.native_blk_mem_gen/valid
   .cstr/ramloop[0].ram.r/s3_noinit.ram/spram.ram.A>:<RAMB16_RAMB16A>.
WARNING:PhysDesignRules:812 - Dangling pin <DOA12> on
   block:<call_SRAM/U0/xst_blk_mem_generator/gnativebmg.native_blk_mem_gen/valid
   .cstr/ramloop[0].ram.r/s3_noinit.ram/spram.ram.A>:<RAMB16_RAMB16A>.
WARNING:PhysDesignRules:812 - Dangling pin <DOA13> on
   block:<call_SRAM/U0/xst_blk_mem_generator/gnativebmg.native_blk_mem_gen/valid
   .cstr/ramloop[0].ram.r/s3_noinit.ram/spram.ram.A>:<RAMB16_RAMB16A>.
WARNING:PhysDesignRules:812 - Dangling pin <DOA14> on
   block:<call_SRAM/U0/xst_blk_mem_generator/gnativebmg.native_blk_mem_gen/valid
   .cstr/ramloop[0].ram.r/s3_noinit.ram/spram.ram.A>:<RAMB16_RAMB16A>.
WARNING:PhysDesignRules:812 - Dangling pin <DOA15> on
   block:<call_SRAM/U0/xst_blk_mem_generator/gnativebmg.native_blk_mem_gen/valid
   .cstr/ramloop[0].ram.r/s3_noinit.ram/spram.ram.A>:<RAMB16_RAMB16A>.
WARNING:PhysDesignRules:812 - Dangling pin <DOA17> on
   block:<call_SRAM/U0/xst_blk_mem_generator/gnativebmg.native_blk_mem_gen/valid
   .cstr/ramloop[0].ram.r/s3_noinit.ram/spram.ram.A>:<RAMB16_RAMB16A>.
WARNING:PhysDesignRules:812 - Dangling pin <DOA18> on
   block:<call_SRAM/U0/xst_blk_mem_generator/gnativebmg.native_blk_mem_gen/valid
   .cstr/ramloop[0].ram.r/s3_noinit.ram/spram.ram.A>:<RAMB16_RAMB16A>.
WARNING:PhysDesignRules:812 - Dangling pin <DOA19> on
   block:<call_SRAM/U0/xst_blk_mem_generator/gnativebmg.native_blk_mem_gen/valid
   .cstr/ramloop[0].ram.r/s3_noinit.ram/spram.ram.A>:<RAMB16_RAMB16A>.
WARNING:PhysDesignRules:812 - Dangling pin <DOA20> on
   block:<call_SRAM/U0/xst_blk_mem_generator/gnativebmg.native_blk_mem_gen/valid
   .cstr/ramloop[0].ram.r/s3_noinit.ram/spram.ram.A>:<RAMB16_RAMB16A>.
WARNING:PhysDesignRules:812 - Dangling pin <DOA21> on
   block:<call_SRAM/U0/xst_blk_mem_generator/gnativebmg.native_blk_mem_gen/valid
   .cstr/ramloop[0].ram.r/s3_noinit.ram/spram.ram.A>:<RAMB16_RAMB16A>.
WARNING:PhysDesignRules:812 - Dangling pin <DOA22> on
   block:<call_SRAM/U0/xst_blk_mem_generator/gnativebmg.native_blk_mem_gen/valid
   .cstr/ramloop[0].ram.r/s3_noinit.ram/spram.ram.A>:<RAMB16_RAMB16A>.
WARNING:PhysDesignRules:812 - Dangling pin <DOA23> on
   block:<call_SRAM/U0/xst_blk_mem_generator/gnativebmg.native_blk_mem_gen/valid
   .cstr/ramloop[0].ram.r/s3_noinit.ram/spram.ram.A>:<RAMB16_RAMB16A>.
WARNING:PhysDesignRules:812 - Dangling pin <DOA25> on
   block:<call_SRAM/U0/xst_blk_mem_generator/gnativebmg.native_blk_mem_gen/valid
   .cstr/ramloop[0].ram.r/s3_noinit.ram/spram.ram.A>:<RAMB16_RAMB16A>.
WARNING:PhysDesignRules:812 - Dangling pin <DOA26> on
   block:<call_SRAM/U0/xst_blk_mem_generator/gnativebmg.native_blk_mem_gen/valid
   .cstr/ramloop[0].ram.r/s3_noinit.ram/spram.ram.A>:<RAMB16_RAMB16A>.
WARNING:PhysDesignRules:812 - Dangling pin <DOA27> on
   block:<call_SRAM/U0/xst_blk_mem_generator/gnativebmg.native_blk_mem_gen/valid
   .cstr/ramloop[0].ram.r/s3_noinit.ram/spram.ram.A>:<RAMB16_RAMB16A>.
WARNING:PhysDesignRules:812 - Dangling pin <DOA28> on
   block:<call_SRAM/U0/xst_blk_mem_generator/gnativebmg.native_blk_mem_gen/valid
   .cstr/ramloop[0].ram.r/s3_noinit.ram/spram.ram.A>:<RAMB16_RAMB16A>.
WARNING:PhysDesignRules:812 - Dangling pin <DOA29> on
   block:<call_SRAM/U0/xst_blk_mem_generator/gnativebmg.native_blk_mem_gen/valid
   .cstr/ramloop[0].ram.r/s3_noinit.ram/spram.ram.A>:<RAMB16_RAMB16A>.
WARNING:PhysDesignRules:812 - Dangling pin <DOA30> on
   block:<call_SRAM/U0/xst_blk_mem_generator/gnativebmg.native_blk_mem_gen/valid
   .cstr/ramloop[0].ram.r/s3_noinit.ram/spram.ram.A>:<RAMB16_RAMB16A>.
WARNING:PhysDesignRules:812 - Dangling pin <DOA31> on
   block:<call_SRAM/U0/xst_blk_mem_generator/gnativebmg.native_blk_mem_gen/valid
   .cstr/ramloop[0].ram.r/s3_noinit.ram/spram.ram.A>:<RAMB16_RAMB16A>.
WARNING:PhysDesignRules:812 - Dangling pin <DOB1> on
   block:<call_SRAM/U0/xst_blk_mem_generator/gnativebmg.native_blk_mem_gen/valid
   .cstr/ramloop[0].ram.r/s3_noinit.ram/spram.ram.B>:<RAMB16_RAMB16B>.
WARNING:PhysDesignRules:812 - Dangling pin <DOB2> on
   block:<call_SRAM/U0/xst_blk_mem_generator/gnativebmg.native_blk_mem_gen/valid
   .cstr/ramloop[0].ram.r/s3_noinit.ram/spram.ram.B>:<RAMB16_RAMB16B>.
WARNING:PhysDesignRules:812 - Dangling pin <DOB3> on
   block:<call_SRAM/U0/xst_blk_mem_generator/gnativebmg.native_blk_mem_gen/valid
   .cstr/ramloop[0].ram.r/s3_noinit.ram/spram.ram.B>:<RAMB16_RAMB16B>.
WARNING:PhysDesignRules:812 - Dangling pin <DOB4> on
   block:<call_SRAM/U0/xst_blk_mem_generator/gnativebmg.native_blk_mem_gen/valid
   .cstr/ramloop[0].ram.r/s3_noinit.ram/spram.ram.B>:<RAMB16_RAMB16B>.
WARNING:PhysDesignRules:812 - Dangling pin <DOB5> on
   block:<call_SRAM/U0/xst_blk_mem_generator/gnativebmg.native_blk_mem_gen/valid
   .cstr/ramloop[0].ram.r/s3_noinit.ram/spram.ram.B>:<RAMB16_RAMB16B>.
WARNING:PhysDesignRules:812 - Dangling pin <DOB6> on
   block:<call_SRAM/U0/xst_blk_mem_generator/gnativebmg.native_blk_mem_gen/valid
   .cstr/ramloop[0].ram.r/s3_noinit.ram/spram.ram.B>:<RAMB16_RAMB16B>.
WARNING:PhysDesignRules:812 - Dangling pin <DOB7> on
   block:<call_SRAM/U0/xst_blk_mem_generator/gnativebmg.native_blk_mem_gen/valid
   .cstr/ramloop[0].ram.r/s3_noinit.ram/spram.ram.B>:<RAMB16_RAMB16B>.
WARNING:PhysDesignRules:812 - Dangling pin <DOB9> on
   block:<call_SRAM/U0/xst_blk_mem_generator/gnativebmg.native_blk_mem_gen/valid
   .cstr/ramloop[0].ram.r/s3_noinit.ram/spram.ram.B>:<RAMB16_RAMB16B>.
WARNING:PhysDesignRules:812 - Dangling pin <DOB10> on
   block:<call_SRAM/U0/xst_blk_mem_generator/gnativebmg.native_blk_mem_gen/valid
   .cstr/ramloop[0].ram.r/s3_noinit.ram/spram.ram.B>:<RAMB16_RAMB16B>.
WARNING:PhysDesignRules:812 - Dangling pin <DOB11> on
   block:<call_SRAM/U0/xst_blk_mem_generator/gnativebmg.native_blk_mem_gen/valid
   .cstr/ramloop[0].ram.r/s3_noinit.ram/spram.ram.B>:<RAMB16_RAMB16B>.
WARNING:PhysDesignRules:812 - Dangling pin <DOB12> on
   block:<call_SRAM/U0/xst_blk_mem_generator/gnativebmg.native_blk_mem_gen/valid
   .cstr/ramloop[0].ram.r/s3_noinit.ram/spram.ram.B>:<RAMB16_RAMB16B>.
WARNING:PhysDesignRules:812 - Dangling pin <DOB13> on
   block:<call_SRAM/U0/xst_blk_mem_generator/gnativebmg.native_blk_mem_gen/valid
   .cstr/ramloop[0].ram.r/s3_noinit.ram/spram.ram.B>:<RAMB16_RAMB16B>.
WARNING:PhysDesignRules:812 - Dangling pin <DOB14> on
   block:<call_SRAM/U0/xst_blk_mem_generator/gnativebmg.native_blk_mem_gen/valid
   .cstr/ramloop[0].ram.r/s3_noinit.ram/spram.ram.B>:<RAMB16_RAMB16B>.
WARNING:PhysDesignRules:812 - Dangling pin <DOB15> on
   block:<call_SRAM/U0/xst_blk_mem_generator/gnativebmg.native_blk_mem_gen/valid
   .cstr/ramloop[0].ram.r/s3_noinit.ram/spram.ram.B>:<RAMB16_RAMB16B>.
WARNING:PhysDesignRules:812 - Dangling pin <DOB17> on
   block:<call_SRAM/U0/xst_blk_mem_generator/gnativebmg.native_blk_mem_gen/valid
   .cstr/ramloop[0].ram.r/s3_noinit.ram/spram.ram.B>:<RAMB16_RAMB16B>.
WARNING:PhysDesignRules:812 - Dangling pin <DOB18> on
   block:<call_SRAM/U0/xst_blk_mem_generator/gnativebmg.native_blk_mem_gen/valid
   .cstr/ramloop[0].ram.r/s3_noinit.ram/spram.ram.B>:<RAMB16_RAMB16B>.
WARNING:PhysDesignRules:812 - Dangling pin <DOB19> on
   block:<call_SRAM/U0/xst_blk_mem_generator/gnativebmg.native_blk_mem_gen/valid
   .cstr/ramloop[0].ram.r/s3_noinit.ram/spram.ram.B>:<RAMB16_RAMB16B>.
WARNING:PhysDesignRules:812 - Dangling pin <DOB20> on
   block:<call_SRAM/U0/xst_blk_mem_generator/gnativebmg.native_blk_mem_gen/valid
   .cstr/ramloop[0].ram.r/s3_noinit.ram/spram.ram.B>:<RAMB16_RAMB16B>.
WARNING:PhysDesignRules:812 - Dangling pin <DOB21> on
   block:<call_SRAM/U0/xst_blk_mem_generator/gnativebmg.native_blk_mem_gen/valid
   .cstr/ramloop[0].ram.r/s3_noinit.ram/spram.ram.B>:<RAMB16_RAMB16B>.
WARNING:PhysDesignRules:812 - Dangling pin <DOB22> on
   block:<call_SRAM/U0/xst_blk_mem_generator/gnativebmg.native_blk_mem_gen/valid
   .cstr/ramloop[0].ram.r/s3_noinit.ram/spram.ram.B>:<RAMB16_RAMB16B>.
WARNING:PhysDesignRules:812 - Dangling pin <DOB23> on
   block:<call_SRAM/U0/xst_blk_mem_generator/gnativebmg.native_blk_mem_gen/valid
   .cstr/ramloop[0].ram.r/s3_noinit.ram/spram.ram.B>:<RAMB16_RAMB16B>.
WARNING:PhysDesignRules:812 - Dangling pin <DOB25> on
   block:<call_SRAM/U0/xst_blk_mem_generator/gnativebmg.native_blk_mem_gen/valid
   .cstr/ramloop[0].ram.r/s3_noinit.ram/spram.ram.B>:<RAMB16_RAMB16B>.
WARNING:PhysDesignRules:812 - Dangling pin <DOB26> on
   block:<call_SRAM/U0/xst_blk_mem_generator/gnativebmg.native_blk_mem_gen/valid
   .cstr/ramloop[0].ram.r/s3_noinit.ram/spram.ram.B>:<RAMB16_RAMB16B>.
WARNING:PhysDesignRules:812 - Dangling pin <DOB27> on
   block:<call_SRAM/U0/xst_blk_mem_generator/gnativebmg.native_blk_mem_gen/valid
   .cstr/ramloop[0].ram.r/s3_noinit.ram/spram.ram.B>:<RAMB16_RAMB16B>.
WARNING:PhysDesignRules:812 - Dangling pin <DOB28> on
   block:<call_SRAM/U0/xst_blk_mem_generator/gnativebmg.native_blk_mem_gen/valid
   .cstr/ramloop[0].ram.r/s3_noinit.ram/spram.ram.B>:<RAMB16_RAMB16B>.
WARNING:PhysDesignRules:812 - Dangling pin <DOB29> on
   block:<call_SRAM/U0/xst_blk_mem_generator/gnativebmg.native_blk_mem_gen/valid
   .cstr/ramloop[0].ram.r/s3_noinit.ram/spram.ram.B>:<RAMB16_RAMB16B>.
WARNING:PhysDesignRules:812 - Dangling pin <DOB30> on
   block:<call_SRAM/U0/xst_blk_mem_generator/gnativebmg.native_blk_mem_gen/valid
   .cstr/ramloop[0].ram.r/s3_noinit.ram/spram.ram.B>:<RAMB16_RAMB16B>.
WARNING:PhysDesignRules:812 - Dangling pin <DOB31> on
   block:<call_SRAM/U0/xst_blk_mem_generator/gnativebmg.native_blk_mem_gen/valid
   .cstr/ramloop[0].ram.r/s3_noinit.ram/spram.ram.B>:<RAMB16_RAMB16B>.

Section 3 - Informational
-------------------------
INFO:Security:51 - The XILINXD_LICENSE_FILE environment variable is not set.
INFO:Security:52 - The LM_LICENSE_FILE environment variable is set to
'/CMC/licenses/xilinx.license'.
INFO:Security:54 - 'xc3s500e' is a WebPack part.
INFO:LIT:243 - Logical network rst has no load.
INFO:MapLib:562 - No environment variables are currently set.
INFO:LIT:244 - All of the single ended outputs in this design are using slew
   rate limited output drivers. The delay on speed critical single ended outputs
   can be dramatically reduced by designating them as fast outputs.

Section 4 - Removed Logic Summary
---------------------------------
  19 block(s) removed
  74 block(s) optimized away
   3 signal(s) removed

Section 5 - Removed Logic
-------------------------

The trimmed logic report below shows the logic removed from your design due to
sourceless or loadless signals, and VCC or ground connections.  If the removal
of a signal or symbol results in the subsequent removal of an additional signal
or symbol, the message explaining that second removal will be indented.  This
indentation will be repeated as a chain of related logic is removed.

To quickly locate the original cause for the removal of a chain of logic, look
above the place where that logic is listed in the trimming report, then locate
the lines that are least indented (begin at the leftmost edge).

Loadless block "myicon/U0/U_ICON/U_CMD/U_CORE_ID_SEL/I4.FI[10].U_LUT" (ROM)
removed.
Loadless block "myicon/U0/U_ICON/U_CMD/U_CORE_ID_SEL/I4.FI[11].U_LUT" (ROM)
removed.
Loadless block "myicon/U0/U_ICON/U_CMD/U_CORE_ID_SEL/I4.FI[12].U_LUT" (ROM)
removed.
Loadless block "myicon/U0/U_ICON/U_CMD/U_CORE_ID_SEL/I4.FI[13].U_LUT" (ROM)
removed.
Loadless block "myicon/U0/U_ICON/U_CMD/U_CORE_ID_SEL/I4.FI[14].U_LUT" (ROM)
removed.
Loadless block "myicon/U0/U_ICON/U_CMD/U_CORE_ID_SEL/I4.FI[1].U_LUT" (ROM)
removed.
Loadless block "myicon/U0/U_ICON/U_CMD/U_CORE_ID_SEL/I4.FI[2].U_LUT" (ROM)
removed.
Loadless block "myicon/U0/U_ICON/U_CMD/U_CORE_ID_SEL/I4.FI[3].U_LUT" (ROM)
removed.
Loadless block "myicon/U0/U_ICON/U_CMD/U_CORE_ID_SEL/I4.FI[4].U_LUT" (ROM)
removed.
Loadless block "myicon/U0/U_ICON/U_CMD/U_CORE_ID_SEL/I4.FI[5].U_LUT" (ROM)
removed.
Loadless block "myicon/U0/U_ICON/U_CMD/U_CORE_ID_SEL/I4.FI[6].U_LUT" (ROM)
removed.
Loadless block "myicon/U0/U_ICON/U_CMD/U_CORE_ID_SEL/I4.FI[7].U_LUT" (ROM)
removed.
Loadless block "myicon/U0/U_ICON/U_CMD/U_CORE_ID_SEL/I4.FI[8].U_LUT" (ROM)
removed.
Loadless block "myicon/U0/U_ICON/U_CMD/U_CORE_ID_SEL/I4.FI[9].U_LUT" (ROM)
removed.
Loadless block "myila/U0/I_YES_D.U_ILA/U_STAT/U_DSR" (ROM) removed.
Loadless block "myila/U0/I_YES_D.U_ILA/U_TRIG/U_TC/I_STORAGE_QUAL.U_CAP_B" (ROM)
removed.
The signal "control0<27>" is sourceless and has been removed.
The signal "control0<28>" is sourceless and has been removed.
The signal "control0<29>" is sourceless and has been removed.
Unused block "myicon/U0/U_ICON/U_CTRL_OUT/F_NCP[0].F_CMD[7].U_HCE" (ROM)
removed.
Unused block "myicon/U0/U_ICON/U_CTRL_OUT/F_NCP[0].F_CMD[8].U_HCE" (ROM)
removed.
Unused block "myicon/U0/U_ICON/U_CTRL_OUT/F_NCP[0].F_CMD[9].U_HCE" (ROM)
removed.

Optimized Block(s):
TYPE 		BLOCK
VCC 		XST_VCC
GND 		call_SDRAM/XST_GND
GND 		call_SRAM/XST_GND
VCC 		call_SRAM/XST_VCC
GND 		myicon/XST_GND
VCC 		myicon/XST_VCC
LUT4 		myila/U0/I_YES_D.U_ILA/U_STAT/F_SSTAT[6].I_STAT.U_STAT
   optimized to 0
LUT4
		myila/U0/U_XST_CONTROLBUS_WORKAROUND/CONTROL_XST_WORKAROUND_O_cmp_eq0000_wg_lu
t<6>
   optimized to 0
GND 		myila/XST_GND
VCC 		myila/XST_VCC

To enable printing of redundant blocks removed and signals merged, set the
detailed map report option and rerun map.

Section 6 - IOB Properties
--------------------------

+---------------------------------------------------------------------------------------------------------------------------------------------------------+
| IOB Name                           | Type             | Direction | IO Standard          | Diff  | Drive    | Slew | Reg (s)      | Resistor | IOB      |
|                                    |                  |           |                      | Term  | Strength | Rate |              |          | Delay    |
+---------------------------------------------------------------------------------------------------------------------------------------------------------+
| add<0>                             | IOB              | OUTPUT    | LVCMOS25             |       | 12       | SLOW |              |          | 0 / 0    |
| add<1>                             | IOB              | OUTPUT    | LVCMOS25             |       | 12       | SLOW |              |          | 0 / 0    |
| add<2>                             | IOB              | OUTPUT    | LVCMOS25             |       | 12       | SLOW |              |          | 0 / 0    |
| add<3>                             | IOB              | OUTPUT    | LVCMOS25             |       | 12       | SLOW |              |          | 0 / 0    |
| add<4>                             | IOB              | OUTPUT    | LVCMOS25             |       | 12       | SLOW |              |          | 0 / 0    |
| add<5>                             | IOB              | OUTPUT    | LVCMOS25             |       | 12       | SLOW |              |          | 0 / 0    |
| add<6>                             | IOB              | OUTPUT    | LVCMOS25             |       | 12       | SLOW |              |          | 0 / 0    |
| add<7>                             | IOB              | OUTPUT    | LVCMOS25             |       | 12       | SLOW |              |          | 0 / 0    |
| add<8>                             | IOB              | OUTPUT    | LVCMOS25             |       | 12       | SLOW |              |          | 0 / 0    |
| add<9>                             | IOB              | OUTPUT    | LVCMOS25             |       | 12       | SLOW |              |          | 0 / 0    |
| add<10>                            | IOB              | OUTPUT    | LVCMOS25             |       | 12       | SLOW |              |          | 0 / 0    |
| add<11>                            | IOB              | OUTPUT    | LVCMOS25             |       | 12       | SLOW |              |          | 0 / 0    |
| add<12>                            | IOB              | OUTPUT    | LVCMOS25             |       | 12       | SLOW |              |          | 0 / 0    |
| add<13>                            | IOB              | OUTPUT    | LVCMOS25             |       | 12       | SLOW |              |          | 0 / 0    |
| add<14>                            | IOB              | OUTPUT    | LVCMOS25             |       | 12       | SLOW |              |          | 0 / 0    |
| add<15>                            | IOB              | OUTPUT    | LVCMOS25             |       | 12       | SLOW |              |          | 0 / 0    |
| cache_add<0>                       | IOB              | OUTPUT    | LVCMOS25             |       | 12       | SLOW |              |          | 0 / 0    |
| cache_add<1>                       | IOB              | OUTPUT    | LVCMOS25             |       | 12       | SLOW |              |          | 0 / 0    |
| cache_add<2>                       | IOB              | OUTPUT    | LVCMOS25             |       | 12       | SLOW |              |          | 0 / 0    |
| cache_add<3>                       | IOB              | OUTPUT    | LVCMOS25             |       | 12       | SLOW |              |          | 0 / 0    |
| cache_add<4>                       | IOB              | OUTPUT    | LVCMOS25             |       | 12       | SLOW |              |          | 0 / 0    |
| cache_add<5>                       | IOB              | OUTPUT    | LVCMOS25             |       | 12       | SLOW |              |          | 0 / 0    |
| cache_add<6>                       | IOB              | OUTPUT    | LVCMOS25             |       | 12       | SLOW |              |          | 0 / 0    |
| cache_add<7>                       | IOB              | OUTPUT    | LVCMOS25             |       | 12       | SLOW |              |          | 0 / 0    |
| cache_dout<0>                      | IOB              | OUTPUT    | LVCMOS25             |       | 12       | SLOW |              |          | 0 / 0    |
| cache_dout<1>                      | IOB              | OUTPUT    | LVCMOS25             |       | 12       | SLOW |              |          | 0 / 0    |
| cache_dout<2>                      | IOB              | OUTPUT    | LVCMOS25             |       | 12       | SLOW |              |          | 0 / 0    |
| cache_dout<3>                      | IOB              | OUTPUT    | LVCMOS25             |       | 12       | SLOW |              |          | 0 / 0    |
| cache_dout<4>                      | IOB              | OUTPUT    | LVCMOS25             |       | 12       | SLOW |              |          | 0 / 0    |
| cache_dout<5>                      | IOB              | OUTPUT    | LVCMOS25             |       | 12       | SLOW |              |          | 0 / 0    |
| cache_dout<6>                      | IOB              | OUTPUT    | LVCMOS25             |       | 12       | SLOW |              |          | 0 / 0    |
| cache_dout<7>                      | IOB              | OUTPUT    | LVCMOS25             |       | 12       | SLOW |              |          | 0 / 0    |
| clk                                | IBUF             | INPUT     | LVCMOS25             |       |          |      |              |          | 0 / 0    |
| cs                                 | IOB              | OUTPUT    | LVCMOS25             |       | 12       | SLOW | OFF1         |          | 0 / 0    |
| memstrb                            | IOB              | OUTPUT    | LVCMOS25             |       | 12       | SLOW |              |          | 0 / 0    |
| rdy                                | IOB              | OUTPUT    | LVCMOS25             |       | 12       | SLOW |              |          | 0 / 0    |
| sdram_adda<0>                      | IOB              | OUTPUT    | LVCMOS25             |       | 12       | SLOW |              |          | 0 / 0    |
| sdram_adda<1>                      | IOB              | OUTPUT    | LVCMOS25             |       | 12       | SLOW |              |          | 0 / 0    |
| sdram_adda<2>                      | IOB              | OUTPUT    | LVCMOS25             |       | 12       | SLOW |              |          | 0 / 0    |
| sdram_adda<3>                      | IOB              | OUTPUT    | LVCMOS25             |       | 12       | SLOW |              |          | 0 / 0    |
| sdram_adda<4>                      | IOB              | OUTPUT    | LVCMOS25             |       | 12       | SLOW |              |          | 0 / 0    |
| sdram_adda<5>                      | IOB              | OUTPUT    | LVCMOS25             |       | 12       | SLOW |              |          | 0 / 0    |
| sdram_adda<6>                      | IOB              | OUTPUT    | LVCMOS25             |       | 12       | SLOW |              |          | 0 / 0    |
| sdram_adda<7>                      | IOB              | OUTPUT    | LVCMOS25             |       | 12       | SLOW |              |          | 0 / 0    |
| sdram_adda<8>                      | IOB              | OUTPUT    | LVCMOS25             |       | 12       | SLOW |              |          | 0 / 0    |
| sdram_adda<9>                      | IOB              | OUTPUT    | LVCMOS25             |       | 12       | SLOW |              |          | 0 / 0    |
| sdram_adda<10>                     | IOB              | OUTPUT    | LVCMOS25             |       | 12       | SLOW |              |          | 0 / 0    |
| sdram_adda<11>                     | IOB              | OUTPUT    | LVCMOS25             |       | 12       | SLOW |              |          | 0 / 0    |
| sdram_adda<12>                     | IOB              | OUTPUT    | LVCMOS25             |       | 12       | SLOW |              |          | 0 / 0    |
| sdram_adda<13>                     | IOB              | OUTPUT    | LVCMOS25             |       | 12       | SLOW |              |          | 0 / 0    |
| sdram_adda<14>                     | IOB              | OUTPUT    | LVCMOS25             |       | 12       | SLOW |              |          | 0 / 0    |
| sdram_adda<15>                     | IOB              | OUTPUT    | LVCMOS25             |       | 12       | SLOW |              |          | 0 / 0    |
| sdram_dina<0>                      | IOB              | OUTPUT    | LVCMOS25             |       | 12       | SLOW |              |          | 0 / 0    |
| sdram_dina<1>                      | IOB              | OUTPUT    | LVCMOS25             |       | 12       | SLOW |              |          | 0 / 0    |
| sdram_dina<2>                      | IOB              | OUTPUT    | LVCMOS25             |       | 12       | SLOW |              |          | 0 / 0    |
| sdram_dina<3>                      | IOB              | OUTPUT    | LVCMOS25             |       | 12       | SLOW |              |          | 0 / 0    |
| sdram_dina<4>                      | IOB              | OUTPUT    | LVCMOS25             |       | 12       | SLOW |              |          | 0 / 0    |
| sdram_dina<5>                      | IOB              | OUTPUT    | LVCMOS25             |       | 12       | SLOW |              |          | 0 / 0    |
| sdram_dina<6>                      | IOB              | OUTPUT    | LVCMOS25             |       | 12       | SLOW |              |          | 0 / 0    |
| sdram_dina<7>                      | IOB              | OUTPUT    | LVCMOS25             |       | 12       | SLOW |              |          | 0 / 0    |
| sdram_douta<0>                     | IOB              | OUTPUT    | LVCMOS25             |       | 12       | SLOW |              |          | 0 / 0    |
| sdram_douta<1>                     | IOB              | OUTPUT    | LVCMOS25             |       | 12       | SLOW |              |          | 0 / 0    |
| sdram_douta<2>                     | IOB              | OUTPUT    | LVCMOS25             |       | 12       | SLOW |              |          | 0 / 0    |
| sdram_douta<3>                     | IOB              | OUTPUT    | LVCMOS25             |       | 12       | SLOW |              |          | 0 / 0    |
| sdram_douta<4>                     | IOB              | OUTPUT    | LVCMOS25             |       | 12       | SLOW |              |          | 0 / 0    |
| sdram_douta<5>                     | IOB              | OUTPUT    | LVCMOS25             |       | 12       | SLOW |              |          | 0 / 0    |
| sdram_douta<6>                     | IOB              | OUTPUT    | LVCMOS25             |       | 12       | SLOW |              |          | 0 / 0    |
| sdram_douta<7>                     | IOB              | OUTPUT    | LVCMOS25             |       | 12       | SLOW |              |          | 0 / 0    |
| sram_adda<0>                       | IOB              | OUTPUT    | LVCMOS25             |       | 12       | SLOW |              |          | 0 / 0    |
| sram_adda<1>                       | IOB              | OUTPUT    | LVCMOS25             |       | 12       | SLOW |              |          | 0 / 0    |
| sram_adda<2>                       | IOB              | OUTPUT    | LVCMOS25             |       | 12       | SLOW |              |          | 0 / 0    |
| sram_adda<3>                       | IOB              | OUTPUT    | LVCMOS25             |       | 12       | SLOW |              |          | 0 / 0    |
| sram_adda<4>                       | IOB              | OUTPUT    | LVCMOS25             |       | 12       | SLOW |              |          | 0 / 0    |
| sram_adda<5>                       | IOB              | OUTPUT    | LVCMOS25             |       | 12       | SLOW |              |          | 0 / 0    |
| sram_adda<6>                       | IOB              | OUTPUT    | LVCMOS25             |       | 12       | SLOW |              |          | 0 / 0    |
| sram_adda<7>                       | IOB              | OUTPUT    | LVCMOS25             |       | 12       | SLOW |              |          | 0 / 0    |
| sram_ina<0>                        | IOB              | OUTPUT    | LVCMOS25             |       | 12       | SLOW |              |          | 0 / 0    |
| sram_ina<1>                        | IOB              | OUTPUT    | LVCMOS25             |       | 12       | SLOW |              |          | 0 / 0    |
| sram_ina<2>                        | IOB              | OUTPUT    | LVCMOS25             |       | 12       | SLOW |              |          | 0 / 0    |
| sram_ina<3>                        | IOB              | OUTPUT    | LVCMOS25             |       | 12       | SLOW |              |          | 0 / 0    |
| sram_ina<4>                        | IOB              | OUTPUT    | LVCMOS25             |       | 12       | SLOW |              |          | 0 / 0    |
| sram_ina<5>                        | IOB              | OUTPUT    | LVCMOS25             |       | 12       | SLOW |              |          | 0 / 0    |
| sram_ina<6>                        | IOB              | OUTPUT    | LVCMOS25             |       | 12       | SLOW |              |          | 0 / 0    |
| sram_ina<7>                        | IOB              | OUTPUT    | LVCMOS25             |       | 12       | SLOW |              |          | 0 / 0    |
| sram_outa<0>                       | IOB              | OUTPUT    | LVCMOS25             |       | 12       | SLOW |              |          | 0 / 0    |
| sram_outa<1>                       | IOB              | OUTPUT    | LVCMOS25             |       | 12       | SLOW |              |          | 0 / 0    |
| sram_outa<2>                       | IOB              | OUTPUT    | LVCMOS25             |       | 12       | SLOW |              |          | 0 / 0    |
| sram_outa<3>                       | IOB              | OUTPUT    | LVCMOS25             |       | 12       | SLOW |              |          | 0 / 0    |
| sram_outa<4>                       | IOB              | OUTPUT    | LVCMOS25             |       | 12       | SLOW |              |          | 0 / 0    |
| sram_outa<5>                       | IOB              | OUTPUT    | LVCMOS25             |       | 12       | SLOW |              |          | 0 / 0    |
| sram_outa<6>                       | IOB              | OUTPUT    | LVCMOS25             |       | 12       | SLOW |              |          | 0 / 0    |
| sram_outa<7>                       | IOB              | OUTPUT    | LVCMOS25             |       | 12       | SLOW |              |          | 0 / 0    |
| wr_rd                              | IOB              | OUTPUT    | LVCMOS25             |       | 12       | SLOW |              |          | 0 / 0    |
+---------------------------------------------------------------------------------------------------------------------------------------------------------+

Section 7 - RPMs
----------------
myila/U0_I_YES_D.U_ILA/U_G2_SQ.U_CAPCTRL_I_SRLT_NE_1.U_CDONE_MSET
myila/U0_I_YES_D.U_ILA/U_G2_SQ.U_CAPCTRL_I_SRLT_NE_1.U_CMPRESET_MSET
myila/U0_I_YES_D.U_ILA/U_G2_SQ.U_CAPCTRL_I_SRLT_NE_1.U_NS0_MSET
myila/U0_I_YES_D.U_ILA/U_G2_SQ.U_CAPCTRL_I_SRLT_NE_1.U_NS1_MSET
myila/U0_I_YES_D.U_ILA/U_G2_SQ.U_CAPCTRL_I_SRLT_NE_1.U_SCMPCE_MSET
myila/U0_I_YES_D.U_ILA/U_G2_SQ.U_CAPCTRL_I_SRLT_NE_1.U_SCRST_MSET
myila/U0_I_YES_D.U_ILA/U_G2_SQ.U_CAPCTRL_I_SRLT_NE_1.U_WHCMPCE_MSET
myila/U0_I_YES_D.U_ILA/U_G2_SQ.U_CAPCTRL_I_SRLT_NE_1.U_WLCMPCE_MSET
myila/U0_I_YES_D.U_ILA/U_G2_SQ.U_CAPCTRL_U_CAP_ADDRGEN_U_SCNT_CMP_I_SRL16.U_GAND
_SRL16_MSET
myila/U0_I_YES_D.U_ILA/U_G2_SQ.U_CAPCTRL_U_CAP_ADDRGEN_U_WCNT_HCMP_I_SRL16.U_GAN
D_SRL16_MSET
myila/U0_I_YES_D.U_ILA/U_G2_SQ.U_CAPCTRL_U_CAP_ADDRGEN_U_WCNT_LCMP_I_SRL16.U_GAN
D_SRL16_MSET
myila/U0_I_YES_D.U_ILA/U_TRIG/U_TM/G_NMU[0].U_M/U_MU/I_MUT_GANDX.U_match/I_SRL16
.U_GANDX_SRL16_MSET

Section 8 - Guide Report
------------------------
Guide not run on this design.

Section 9 - Area Group and Partition Summary
--------------------------------------------

Partition Implementation Status
-------------------------------

  No Partitions were found in this design.

-------------------------------

Area Group Information
----------------------

  No area groups were found in this design.

----------------------

Section 10 - Timing Report
--------------------------
This design was not run using timing mode.

Section 11 - Configuration String Details
-----------------------------------------
Use the "-detail" map option to print out Configuration Strings

Section 12 - Control Set Information
------------------------------------
No control set information for this architecture.

Section 13 - Utilization by Hierarchy
-------------------------------------
Use the "-detail" map option to print out the Utilization by Hierarchy section.
